employee_id,tasks_completed,avg_task_duration,late_tasks,avg_work_hours,performance_score,late_ratio,productivity_score
1001,23,4.739130434782608,8,7.6521739130434785,85.47826086956522,0.34782608695652173,54.40869565217391
1002,41,5.097560975609756,18,7.609756097560975,79.85365853658537,0.43902439024390244,57.18536585365854
1003,24,5.291666666666667,9,7.833333333333333,81.91666666666667,0.375,52.925
1004,24,4.5,9,7.333333333333333,82.70833333333333,0.375,53.162499999999994
1005,27,5.777777777777778,18,7.925925925925926,81.0,0.6666666666666666,45.10000000000001
1006,24,5.5,13,7.833333333333333,76.25,0.5416666666666666,46.225
1007,39,5.641025641025641,22,7.435897435897436,79.64102564102564,0.5641025641025641,52.56923076923077
1008,41,4.7317073170731705,13,7.634146341463414,79.17073170731707,0.3170731707317073,60.639024390243904
1009,49,4.408163265306122,17,7.285714285714286,81.53061224489795,0.3469387755102041,63.65102040816326
1010,23,4.260869565217392,8,7.434782608695652,77.69565217391305,0.34782608695652173,52.07391304347826
1011,26,5.038461538461538,12,7.884615384615385,81.15384615384616,0.46153846153846156,50.9
1012,25,5.04,13,7.64,80.8,0.52,48.64
1013,35,4.228571428571429,13,7.485714285714286,80.37142857142857,0.37142857142857144,56.96857142857143
1014,44,5.068181818181818,19,7.25,81.9090909090909,0.4318181818181818,59.21818181818181
1015,22,4.2727272727272725,12,7.363636363636363,79.81818181818181,0.5454545454545454,46.381818181818176
1016,48,4.708333333333333,18,7.75,78.5,0.375,61.5
1017,37,4.72972972972973,13,7.405405405405405,80.43243243243244,0.35135135135135137,58.389189189189196
1018,26,4.961538461538462,13,7.230769230769231,84.1923076923077,0.5,50.6576923076923
1019,25,5.08,11,7.48,81.6,0.44,51.28
1020,26,4.5,9,7.423076923076923,79.42307692307692,0.34615384615384615,53.8423076923077
1021,33,4.454545454545454,13,7.696969696969697,79.3030303030303,0.3939393939393939,55.17272727272727
1022,36,4.944444444444445,15,7.75,83.38888888888889,0.4166666666666667,56.916666666666664
1023,48,5.270833333333333,18,7.104166666666667,81.72916666666667,0.375,62.46875
1024,50,4.64,20,7.54,79.56,0.4,61.867999999999995
1025,22,4.7272727272727275,10,7.636363636363637,82.0909090909091,0.45454545454545453,49.790909090909096
1026,30,5.566666666666666,17,7.633333333333334,80.9,0.5666666666666667,49.269999999999996
1027,24,4.791666666666667,8,7.791666666666667,83.83333333333333,0.3333333333333333,54.75
1028,37,4.891891891891892,15,7.4324324324324325,81.37837837837837,0.40540540540540543,57.05135135135134
1029,32,4.5,11,7.59375,80.71875,0.34375,56.703125
1030,45,5.822222222222222,25,7.4222222222222225,79.37777777777778,0.5555555555555556,55.14666666666666
1031,21,5.476190476190476,10,7.476190476190476,74.28571428571429,0.47619047619047616,46.400000000000006
1032,50,5.4,21,7.38,81.4,0.42,61.82000000000001
1033,25,5.08,11,7.24,76.84,0.44,49.852000000000004
1034,31,5.032258064516129,16,7.548387096774194,79.41935483870968,0.5161290322580645,50.74193548387096
1035,50,5.12,19,7.24,81.04,0.38,62.912000000000006
1036,31,5.354838709677419,13,7.774193548387097,80.0,0.41935483870967744,53.81935483870968
1037,26,5.153846153846154,12,7.230769230769231,77.26923076923077,0.46153846153846156,49.73461538461538
1038,46,4.804347826086956,23,7.434782608695652,79.30434782608695,0.5,57.19130434782609
1039,38,4.2631578947368425,18,7.552631578947368,81.63157894736842,0.47368421052631576,55.47894736842106
1040,20,5.05,9,7.25,82.75,0.45,49.325
1041,44,4.704545454545454,17,7.363636363636363,80.61363636363636,0.38636363636363635,60.19318181818183
1042,23,5.173913043478261,11,7.434782608695652,79.56521739130434,0.4782608695652174,48.721739130434784
1043,33,5.0606060606060606,15,7.212121212121212,80.93939393939394,0.45454545454545453,53.845454545454544
1044,40,4.975,15,7.375,80.8,0.375,58.989999999999995
1045,38,5.157894736842105,20,7.394736842105263,76.57894736842105,0.5263157894736842,52.38421052631579
1046,50,5.5,21,7.78,78.46,0.42,60.938
1047,39,6.205128205128205,21,7.487179487179487,82.17948717948718,0.5384615384615384,54.1
1048,42,5.571428571428571,18,7.595238095238095,78.35714285714286,0.42857142857142855,57.45
1049,33,4.757575757575758,18,7.515151515151516,77.54545454545455,0.5454545454545454,50.099999999999994
1050,37,5.351351351351352,16,7.54054054054054,83.78378378378379,0.43243243243243246,56.96216216216216
1051,31,5.096774193548387,15,7.548387096774194,83.12903225806451,0.4838709677419355,52.82258064516129
1052,30,5.566666666666666,13,7.666666666666667,78.06666666666666,0.43333333333333335,52.42
1053,37,4.675675675675675,20,7.621621621621622,79.97297297297297,0.5405405405405406,52.57567567567567
1054,40,4.9,16,7.375,82.575,0.4,58.7725
1055,50,5.3,24,7.3,78.64,0.48,59.192
1056,28,5.857142857142857,14,7.571428571428571,79.89285714285714,0.5,50.167857142857144
1057,25,3.84,5,7.56,79.56,0.2,57.867999999999995
1058,29,4.413793103448276,11,7.275862068965517,80.55172413793103,0.3793103448275862,54.38620689655173
1059,31,4.612903225806452,11,7.387096774193548,78.41935483870968,0.3548387096774194,55.28064516129032
1060,49,5.020408163265306,23,7.387755102040816,80.04081632653062,0.46938775510204084,59.53061224489796
1061,21,5.238095238095238,10,7.666666666666667,82.28571428571429,0.47619047619047616,48.8
1062,41,4.487804878048781,11,7.390243902439025,81.07317073170732,0.2682926829268293,62.673170731707316
1063,34,4.911764705882353,13,7.5588235294117645,80.08823529411765,0.38235294117647056,56.15588235294118
1064,50,5.2,17,7.46,78.8,0.34,63.44
1065,43,4.441860465116279,18,7.395348837209302,77.67441860465117,0.4186046511627907,57.94418604651163
1066,40,4.0,11,7.675,81.05,0.275,62.065
1067,27,4.925925925925926,8,7.333333333333333,80.03703703703704,0.2962962962962963,55.92222222222222
1068,23,5.521739130434782,10,7.043478260869565,78.43478260869566,0.43478260869565216,49.686956521739134
1069,26,5.730769230769231,15,7.576923076923077,81.38461538461539,0.5769230769230769,47.50769230769231
1070,32,4.9375,20,7.4375,82.3125,0.625,48.74375
1071,35,4.542857142857143,20,7.371428571428571,74.02857142857142,0.5714285714285714,49.065714285714286
1072,29,4.413793103448276,8,7.862068965517241,83.17241379310344,0.27586206896551724,58.27586206896552
1073,35,5.9714285714285715,16,7.6,77.91428571428571,0.45714285714285713,53.66
1074,39,5.051282051282051,16,7.82051282051282,81.43589743589743,0.41025641025641024,57.723076923076924
1075,28,4.535714285714286,11,7.607142857142857,81.25,0.39285714285714285,53.78928571428572
1076,42,4.857142857142857,19,7.5476190476190474,82.19047619047619,0.4523809523809524,57.885714285714286
1077,37,4.45945945945946,11,7.243243243243243,80.43243243243244,0.2972972972972973,60.01081081081081
1078,20,4.6,9,7.45,84.0,0.45,49.7
1079,33,5.121212121212121,11,7.454545454545454,77.75757575757575,0.3333333333333333,56.52727272727273
1080,27,5.074074074074074,11,7.481481481481482,81.48148148148148,0.4074074074074074,53.022222222222226
1081,34,5.5588235294117645,18,7.4411764705882355,76.0,0.5294117647058824,50.51764705882353
1082,35,4.6,14,7.685714285714286,80.0,0.4,56.0
1083,40,5.15,20,7.3,79.675,0.5,54.9025
1084,21,4.0,6,7.761904761904762,76.57142857142857,0.2857142857142857,52.8
1085,48,5.5,24,7.708333333333333,81.35416666666667,0.5,58.60625
1086,48,5.229166666666667,20,7.708333333333333,82.10416666666667,0.4166666666666667,61.331250000000004
1087,40,4.9,17,7.6,78.8,0.425,56.89
1088,40,5.175,19,7.45,80.45,0.475,55.885000000000005
1089,45,4.733333333333333,19,7.533333333333333,78.4,0.4222222222222222,58.853333333333325
1090,36,4.138888888888889,10,7.611111111111111,79.69444444444444,0.2777777777777778,59.975
1091,45,4.511111111111111,15,7.444444444444445,80.06666666666666,0.3333333333333333,62.019999999999996
1092,50,4.74,24,7.38,78.28,0.48,59.084
1093,20,5.95,9,7.75,83.85,0.45,49.655
1094,49,5.530612244897959,18,7.530612244897959,78.3265306122449,0.3673469387755102,62.077551020408166
1095,40,4.925,20,7.55,83.2,0.5,55.96
1096,32,4.96875,14,7.59375,77.15625,0.4375,52.821875
1097,27,5.666666666666667,13,7.37037037037037,77.18518518518519,0.48148148148148145,49.51111111111111
1098,39,4.923076923076923,16,7.538461538461538,83.43589743589743,0.41025641025641024,58.323076923076925
1099,42,4.833333333333333,20,7.4523809523809526,78.47619047619048,0.47619047619047616,56.057142857142864
1100,43,5.27906976744186,20,7.488372093023256,83.55813953488372,0.46511627906976744,58.3139534883721
1101,40,5.425,18,7.55,82.75,0.45,57.325
1102,40,4.525,14,7.475,79.725,0.35,59.4175
1103,35,4.257142857142857,12,7.428571428571429,80.0,0.34285714285714286,57.714285714285715
1104,20,5.15,6,7.55,84.05,0.3,54.215
1105,48,4.708333333333333,19,7.416666666666667,78.70833333333333,0.3958333333333333,60.9375
1106,30,4.7,16,7.333333333333333,83.3,0.5333333333333333,50.989999999999995
1107,23,4.913043478260869,10,7.260869565217392,83.43478260869566,0.43478260869565216,51.186956521739134
1108,23,5.260869565217392,11,7.260869565217392,75.47826086956522,0.4782608695652174,47.495652173913044
1109,37,5.135135135135135,19,7.513513513513513,78.1891891891892,0.5135135135135135,52.851351351351354
1110,38,5.078947368421052,22,7.368421052631579,78.52631578947368,0.5789473684210527,51.38947368421053
1111,47,5.595744680851064,24,7.531914893617022,80.95744680851064,0.5106382978723404,57.76808510638298
1112,35,4.4,14,7.485714285714286,83.0,0.4,56.9
1113,26,4.769230769230769,12,7.230769230769231,76.6923076923077,0.46153846153846156,49.56153846153846
1114,30,5.333333333333333,13,7.733333333333333,78.43333333333334,0.43333333333333335,52.53
1115,48,5.291666666666667,21,7.9375,79.41666666666667,0.4375,59.900000000000006
1116,30,4.466666666666667,9,7.8,80.9,0.3,57.269999999999996
1117,31,4.935483870967742,13,7.67741935483871,83.54838709677419,0.41935483870967744,54.883870967741935
1118,50,4.52,17,7.26,80.7,0.34,64.00999999999999
1119,24,5.833333333333333,16,7.0,80.66666666666667,0.6666666666666666,43.8
1120,25,5.28,13,7.52,77.56,0.52,47.668
1121,50,4.78,21,7.34,80.9,0.42,61.67
1122,49,5.081632653061225,24,7.346938775510204,80.53061224489795,0.4897959183673469,59.06530612244898
1123,46,5.239130434782608,26,7.630434782608695,79.0,0.5652173913043478,55.14347826086957
1124,30,4.933333333333334,11,7.533333333333333,77.63333333333334,0.36666666666666664,54.290000000000006
1125,42,4.4523809523809526,18,7.285714285714286,77.80952380952381,0.42857142857142855,57.285714285714285
1126,38,4.921052631578948,17,7.657894736842105,81.86842105263158,0.4473684210526316,56.33947368421052
1127,39,5.487179487179487,17,7.256410256410256,79.1025641025641,0.4358974358974359,56.253846153846155
1128,25,5.36,13,7.56,84.04,0.52,49.611999999999995
1129,37,4.918918918918919,11,7.351351351351352,79.83783783783784,0.2972972972972973,59.83243243243243
1130,33,5.090909090909091,14,7.636363636363637,83.54545454545455,0.42424242424242425,55.53636363636363
1131,40,5.2,18,7.675,77.225,0.45,55.6675
1132,33,4.909090909090909,16,7.303030303030303,80.3030303030303,0.48484848484848486,52.74545454545455
1133,21,5.238095238095238,10,7.428571428571429,79.14285714285714,0.47619047619047616,47.857142857142854
1134,43,4.627906976744186,16,7.5813953488372094,79.90697674418605,0.37209302325581395,60.009302325581395
1135,37,5.351351351351352,20,6.972972972972973,77.94594594594595,0.5405405405405406,51.96756756756757
1136,47,5.425531914893617,24,7.25531914893617,80.87234042553192,0.5106382978723404,57.742553191489364
1137,36,5.083333333333333,17,7.472222222222222,79.86111111111111,0.4722222222222222,54.19166666666666
1138,40,5.55,21,7.35,78.325,0.525,53.7475
1139,45,5.266666666666667,18,7.622222222222222,80.42222222222222,0.4,60.126666666666665
1140,22,5.909090909090909,15,7.7727272727272725,83.45454545454545,0.6818181818181818,43.38181818181818
1141,29,5.0,12,7.724137931034483,77.24137931034483,0.41379310344827586,52.358620689655176
1142,39,4.564102564102564,17,7.358974358974359,81.41025641025641,0.4358974358974359,56.94615384615385
1143,49,5.3061224489795915,22,7.183673469387755,79.71428571428571,0.4489795918367347,60.04489795918367
1144,48,4.666666666666667,23,7.5625,81.5625,0.4791666666666667,59.29375
1145,35,4.457142857142857,14,7.542857142857143,76.68571428571428,0.4,55.005714285714284
1146,40,5.575,23,7.55,81.125,0.575,53.0875
1147,20,4.85,7,7.8,78.7,0.35,51.11
1148,43,5.1395348837209305,25,7.5813953488372094,75.86046511627907,0.5813953488372093,52.516279069767435
1149,42,5.309523809523809,17,7.5476190476190474,84.04761904761905,0.40476190476190477,59.871428571428574
1150,28,4.75,10,7.571428571428571,79.32142857142857,0.35714285714285715,54.28214285714286
1151,32,4.84375,13,7.375,77.3125,0.40625,53.80625
1152,27,4.444444444444445,11,7.518518518518518,76.81481481481481,0.4074074074074074,51.62222222222222
1153,24,5.0,11,7.625,82.58333333333333,0.4583333333333333,50.625
1154,28,5.178571428571429,13,7.964285714285714,74.96428571428571,0.4642857142857143,49.760714285714286
1155,31,4.32258064516129,14,7.387096774193548,79.7741935483871,0.45161290322580644,52.78387096774193
1156,35,5.514285714285714,20,7.742857142857143,77.42857142857143,0.5714285714285714,50.08571428571429
1157,26,3.9615384615384617,12,7.538461538461538,78.73076923076923,0.46153846153846156,50.17307692307692
1158,20,4.4,9,7.6,81.7,0.45,49.010000000000005
1159,47,5.25531914893617,21,7.425531914893617,79.70212765957447,0.44680851063829785,59.306382978723406
1160,42,5.166666666666667,19,7.5476190476190474,77.80952380952381,0.4523809523809524,56.57142857142857
1161,44,4.863636363636363,17,7.340909090909091,79.61363636363636,0.38636363636363635,59.89318181818182
1162,46,5.130434782608695,25,7.630434782608695,78.15217391304348,0.5434782608695652,55.541304347826085
1163,47,4.702127659574468,19,7.446808510638298,80.59574468085107,0.40425531914893614,60.851063829787236
1164,41,5.195121951219512,21,7.634146341463414,78.3170731707317,0.5121951219512195,54.52926829268293
1165,44,5.5,26,7.5227272727272725,80.0,0.5909090909090909,53.872727272727275
1166,35,5.142857142857143,15,7.771428571428571,78.82857142857142,0.42857142857142855,54.79142857142857
1167,49,4.387755102040816,21,7.326530612244898,78.20408163265306,0.42857142857142855,60.204081632653065
1168,25,5.56,14,7.64,78.84,0.56,46.852000000000004
1169,42,4.690476190476191,19,7.523809523809524,80.02380952380952,0.4523809523809524,57.23571428571428
1170,31,5.161290322580645,15,7.838709677419355,77.45161290322581,0.4838709677419355,51.119354838709675
1171,36,5.0,11,7.666666666666667,81.44444444444444,0.3055555555555556,59.66666666666667
1172,27,5.2592592592592595,13,7.518518518518518,79.37037037037037,0.48148148148148145,50.16666666666667
1173,40,4.45,16,7.575,80.875,0.4,58.2625
1174,23,4.913043478260869,10,7.608695652173913,78.69565217391305,0.43478260869565216,49.765217391304354
1175,23,5.173913043478261,9,7.869565217391305,81.95652173913044,0.391304347826087,52.04782608695652
1176,35,5.6,20,7.485714285714286,78.6,0.5714285714285714,50.43714285714286
1177,36,5.888888888888889,20,7.555555555555555,79.05555555555556,0.5555555555555556,51.45
1178,39,4.871794871794871,16,7.358974358974359,80.7948717948718,0.41025641025641024,57.53076923076924
1179,25,5.32,10,7.16,78.12,0.4,51.436
1180,26,5.230769230769231,16,7.346153846153846,76.8076923076923,0.6153846153846154,44.980769230769226
1181,31,5.258064516129032,17,7.548387096774194,83.80645161290323,0.5483870967741935,51.090322580645164
1182,41,5.0,16,7.585365853658536,78.29268292682927,0.3902439024390244,58.180487804878055
1183,41,4.853658536585366,20,7.439024390243903,81.02439024390245,0.4878048780487805,56.07317073170732
1184,44,5.340909090909091,21,7.363636363636363,80.70454545454545,0.4772727272727273,57.49318181818182
1185,31,4.935483870967742,13,7.516129032258065,78.6774193548387,0.41935483870967744,53.42258064516129
1186,48,5.104166666666667,21,7.5,80.35416666666667,0.4375,60.181250000000006
1187,48,5.395833333333333,25,7.395833333333333,80.6875,0.5208333333333334,57.78125
1188,25,4.96,16,7.12,80.52,0.64,44.955999999999996
1189,43,4.930232558139535,18,7.441860465116279,77.30232558139535,0.4186046511627907,57.83255813953488
1190,46,5.3478260869565215,24,7.304347826086956,82.95652173913044,0.5217391304347826,57.63478260869565
1191,41,5.121951219512195,17,7.609756097560975,82.07317073170732,0.4146341463414634,58.5829268292683
1192,33,5.2727272727272725,14,7.454545454545454,76.78787878787878,0.42424242424242425,53.5090909090909
1193,24,5.208333333333333,11,7.583333333333333,79.95833333333333,0.4583333333333333,49.837500000000006
1194,42,4.785714285714286,14,7.357142857142857,78.69047619047619,0.3333333333333333,60.40714285714286
1195,25,4.4,9,7.6,75.8,0.36,51.94
1196,33,5.090909090909091,14,7.333333333333333,74.60606060606061,0.42424242424242425,52.85454545454545
1197,39,5.153846153846154,20,7.512820512820513,81.02564102564102,0.5128205128205128,54.52307692307693
1198,31,5.387096774193548,12,7.290322580645161,80.64516129032258,0.3870967741935484,54.980645161290326
1199,29,4.137931034482759,13,7.241379310344827,81.58620689655173,0.4482758620689655,52.62758620689655
1200,46,5.3478260869565215,21,7.326086956521739,80.73913043478261,0.45652173913043476,58.92608695652174
1201,41,5.414634146341464,19,7.926829268292683,78.2439024390244,0.4634146341463415,55.97073170731707
1202,37,4.918918918918919,22,7.675675675675675,78.70270270270271,0.5945945945945946,50.57297297297298
1203,26,3.8846153846153846,8,7.538461538461538,80.65384615384616,0.3076923076923077,55.36538461538462
1204,41,5.2926829268292686,19,7.585365853658536,80.21951219512195,0.4634146341463415,56.56341463414634
1205,40,5.15,21,7.325,79.975,0.525,54.24249999999999
1206,26,5.615384615384615,12,7.615384615384615,79.76923076923077,0.46153846153846156,50.48461538461538
1207,25,4.44,10,7.92,78.04,0.4,51.412000000000006
1208,39,4.128205128205129,9,7.487179487179487,81.05128205128206,0.23076923076923078,62.99230769230769
1209,36,5.083333333333333,17,7.5,79.72222222222223,0.4722222222222222,54.150000000000006
1210,24,5.208333333333333,14,7.75,79.375,0.5833333333333334,45.9125
1211,33,4.757575757575758,17,7.575757575757576,80.39393939393939,0.5151515151515151,51.86363636363637
1212,29,4.862068965517241,12,7.0344827586206895,80.20689655172414,0.41379310344827586,53.248275862068965
1213,32,4.96875,11,7.53125,78.3125,0.34375,55.981249999999996
1214,30,5.0,10,7.766666666666667,80.26666666666667,0.3333333333333333,56.08
1215,31,5.032258064516129,13,7.32258064516129,77.16129032258064,0.41935483870967744,52.96774193548387
1216,42,4.880952380952381,19,7.4523809523809526,81.78571428571429,0.4523809523809524,57.76428571428572
1217,36,4.166666666666667,14,7.527777777777778,81.25,0.3888888888888889,57.108333333333334
1218,49,4.816326530612245,21,7.673469387755102,81.24489795918367,0.42857142857142855,61.11632653061225
1219,43,5.511627906976744,22,7.255813953488372,79.37209302325581,0.5116279069767442,55.66279069767441
1220,36,5.305555555555555,20,7.638888888888889,81.30555555555556,0.5555555555555556,52.125
1221,40,4.65,12,7.425,79.225,0.3,60.7675
1222,33,5.545454545454546,19,7.090909090909091,81.6969696969697,0.5757575757575758,50.43636363636364
1223,32,5.5625,14,7.375,81.40625,0.4375,54.096875
1224,24,3.75,3,7.708333333333333,81.45833333333333,0.125,60.287499999999994
1225,33,5.393939393939394,19,7.7272727272727275,79.93939393939394,0.5757575757575758,49.90909090909091
1226,26,4.461538461538462,11,7.653846153846154,79.23076923076923,0.4230769230769231,51.47692307692307
1227,50,4.74,15,7.26,79.94,0.3,64.982
1228,37,5.324324324324325,19,7.081081081081081,79.78378378378379,0.5135135135135135,53.329729729729735
1229,28,5.071428571428571,16,7.5,80.92857142857143,0.5714285714285714,48.33571428571429
1230,25,5.16,8,7.28,81.04,0.32,54.712
1231,43,4.465116279069767,19,7.534883720930233,82.09302325581395,0.4418604651162791,58.57209302325582
1232,22,5.090909090909091,8,7.5,78.4090909090909,0.36363636363636365,51.41363636363636
1233,21,5.619047619047619,12,7.904761904761905,82.61904761904762,0.5714285714285714,46.042857142857144
1234,37,5.135135135135135,15,7.27027027027027,79.78378378378379,0.40540540540540543,56.57297297297298
1235,22,5.409090909090909,14,7.454545454545454,79.9090909090909,0.6363636363636364,43.68181818181819
1236,40,5.05,15,7.6,76.9,0.375,57.82
1237,44,5.704545454545454,23,7.590909090909091,81.3409090909091,0.5227272727272727,56.32045454545455
1238,36,5.305555555555555,16,7.722222222222222,78.27777777777777,0.4444444444444444,54.55
1239,42,5.0,18,7.5476190476190474,77.5952380952381,0.42857142857142855,57.221428571428575
1240,28,4.75,11,7.571428571428571,79.85714285714286,0.39285714285714285,53.37142857142858
1241,32,5.15625,15,7.40625,83.40625,0.46875,53.759375
1242,24,5.208333333333333,10,7.541666666666667,74.95833333333333,0.4166666666666667,49.58749999999999
1243,39,4.615384615384615,21,7.717948717948718,80.6923076923077,0.5384615384615384,53.65384615384616
1244,42,5.285714285714286,17,7.714285714285714,83.16666666666667,0.40476190476190477,59.60714285714286
1245,50,4.6,16,7.38,82.44,0.32,65.132
1246,27,5.074074074074074,14,7.518518518518518,79.70370370370371,0.5185185185185185,49.15555555555556
1247,36,4.527777777777778,15,7.472222222222222,80.0,0.4166666666666667,55.9
1248,46,5.260869565217392,19,7.130434782608695,77.19565217391305,0.41304347826086957,59.16739130434783
1249,26,5.461538461538462,15,7.461538461538462,78.07692307692308,0.5769230769230769,46.51538461538462
1250,21,5.380952380952381,13,7.285714285714286,82.85714285714286,0.6190476190476191,44.68571428571428
1251,22,5.636363636363637,13,7.409090909090909,79.68181818181819,0.5909090909090909,44.97727272727273
1252,25,4.76,13,7.0,75.6,0.52,47.08
1253,46,4.782608695652174,14,7.760869565217392,79.76086956521739,0.30434782608695654,63.197826086956525
1254,46,5.478260869565218,20,7.456521739130435,78.21739130434783,0.43478260869565216,58.82173913043479
1255,20,5.4,8,7.7,86.5,0.4,51.95
1256,45,5.066666666666666,21,7.533333333333333,78.8,0.4666666666666667,57.64
1257,30,4.766666666666667,9,7.5,82.43333333333334,0.3,57.730000000000004
1258,29,4.758620689655173,14,7.758620689655173,82.86206896551724,0.4827586206896552,51.97586206896551
1259,41,4.609756097560975,15,7.512195121951219,78.63414634146342,0.36585365853658536,59.014634146341464
1260,50,4.8,21,7.4,81.82,0.42,61.946
1261,45,5.088888888888889,21,7.6,79.95555555555555,0.4666666666666667,57.986666666666665
1262,48,5.270833333333333,24,7.5,80.5625,0.5,58.368750000000006
1263,22,4.545454545454546,7,7.2727272727272725,78.36363636363636,0.3181818181818182,52.763636363636365
1264,42,5.285714285714286,20,7.476190476190476,80.30952380952381,0.47619047619047616,56.60714285714286
1265,50,5.1,19,7.42,82.22,0.38,63.266000000000005
1266,29,4.379310344827586,10,7.517241379310345,80.41379310344827,0.3448275862068966,55.37931034482759
1267,24,4.916666666666667,8,7.875,81.66666666666667,0.3333333333333333,54.10000000000001
1268,36,5.5,17,7.222222222222222,80.94444444444444,0.4722222222222222,54.516666666666666
1269,22,5.0,6,7.545454545454546,78.18181818181819,0.2727272727272727,54.07272727272728
1270,40,4.8,20,7.55,81.725,0.5,55.5175
1271,40,5.7,22,7.575,79.2,0.55,53.260000000000005
1272,29,4.793103448275862,13,7.620689655172414,80.13793103448276,0.4482758620689655,52.19310344827586
1273,22,5.090909090909091,11,7.454545454545454,79.18181818181819,0.5,47.554545454545455
1274,45,4.933333333333334,24,7.533333333333333,79.24444444444444,0.5333333333333333,55.773333333333326
1275,30,4.566666666666666,13,7.133333333333334,75.5,0.43333333333333335,51.65
1276,48,5.145833333333333,25,7.770833333333333,80.9375,0.5208333333333334,57.85625
1277,43,5.116279069767442,16,7.837209302325581,80.3953488372093,0.37209302325581395,60.15581395348836
1278,49,4.938775510204081,23,7.63265306122449,83.3061224489796,0.46938775510204084,60.51020408163265
1279,32,4.4375,13,7.59375,77.1875,0.40625,53.76875
1280,45,5.4,19,7.733333333333333,83.2,0.4222222222222222,60.29333333333333
1281,36,4.666666666666667,18,7.444444444444445,78.05555555555556,0.5,52.81666666666666
1282,48,5.541666666666667,25,7.333333333333333,80.22916666666667,0.5208333333333334,57.643750000000004
1283,37,4.702702702702703,16,7.297297297297297,78.91891891891892,0.43243243243243246,55.5027027027027
1284,36,5.916666666666667,23,7.555555555555555,79.38888888888889,0.6388888888888888,49.05
1285,43,4.27906976744186,15,7.3023255813953485,78.13953488372093,0.3488372093023256,60.17674418604651
1286,42,4.880952380952381,17,7.619047619047619,76.47619047619048,0.40476190476190477,57.6
1287,41,4.975609756097561,18,7.780487804878049,79.58536585365853,0.43902439024390244,57.10487804878049
1288,40,5.475,16,7.55,81.425,0.4,58.427499999999995
1289,30,5.666666666666667,17,7.466666666666667,80.76666666666667,0.5666666666666667,49.230000000000004
1290,45,5.355555555555555,24,7.5777777777777775,80.2,0.5333333333333333,56.06
1291,30,4.966666666666667,16,7.6,82.06666666666666,0.5333333333333333,50.62
1292,28,4.821428571428571,13,7.214285714285714,78.67857142857143,0.4642857142857143,50.875
1293,22,5.090909090909091,12,7.181818181818182,79.68181818181819,0.5454545454545454,46.34090909090909
1294,40,4.525,20,7.425,81.575,0.5,55.4725
1295,45,5.622222222222222,24,7.777777777777778,80.13333333333334,0.5333333333333333,56.040000000000006
1296,50,5.06,22,7.3,76.64,0.44,59.792
1297,35,5.0285714285714285,15,7.6571428571428575,80.68571428571428,0.42857142857142855,55.348571428571425
1298,28,5.428571428571429,14,7.25,82.71428571428571,0.5,51.01428571428572
1299,32,4.6875,13,6.96875,79.625,0.40625,54.5
1300,36,4.75,17,7.166666666666667,81.30555555555556,0.4722222222222222,54.625
1301,45,5.377777777777778,21,7.466666666666667,80.22222222222223,0.4666666666666667,58.06666666666666
1302,22,5.7727272727272725,14,7.454545454545454,80.13636363636364,0.6363636363636364,43.75
1303,43,5.1395348837209305,24,7.023255813953488,81.4186046511628,0.5581395348837209,54.881395348837216
1304,29,4.551724137931035,8,7.586206896551724,80.20689655172414,0.27586206896551724,57.38620689655173
1305,33,5.181818181818182,13,7.636363636363637,78.9090909090909,0.3939393939393939,55.054545454545455
1306,24,5.416666666666667,15,7.75,78.16666666666667,0.625,44.3
1307,49,5.040816326530612,25,7.571428571428571,80.81632653061224,0.5102040816326531,58.538775510204076
1308,44,5.068181818181818,22,7.318181818181818,77.0,0.5,55.7
1309,31,5.161290322580645,14,7.129032258064516,81.90322580645162,0.45161290322580644,53.42258064516129
1310,25,4.6,8,7.24,78.2,0.32,53.86
1311,32,5.125,18,7.4375,83.78125,0.5625,51.059375
1312,31,3.903225806451613,7,7.193548387096774,76.16129032258064,0.22580645161290322,58.47419354838709
1313,42,5.214285714285714,22,7.5476190476190474,83.02380952380952,0.5238095238095238,55.99285714285714
1314,20,4.65,6,7.5,80.65,0.3,53.195
1315,25,4.92,9,7.64,81.4,0.36,53.620000000000005
1316,26,4.8076923076923075,13,7.346153846153846,79.1923076923077,0.5,49.1576923076923
1317,30,4.366666666666666,8,7.4,79.96666666666667,0.26666666666666666,57.989999999999995
1318,36,4.916666666666667,14,7.388888888888889,79.94444444444444,0.3888888888888889,56.71666666666667
1319,30,5.166666666666667,15,7.633333333333334,78.5,0.5,50.55
1320,21,5.238095238095238,7,6.9523809523809526,84.0952380952381,0.3333333333333333,53.62857142857143
1321,48,4.125,20,7.4375,82.02083333333333,0.4166666666666667,61.306250000000006
1322,25,5.2,13,7.52,81.48,0.52,48.843999999999994
1323,21,4.428571428571429,9,7.285714285714286,78.80952380952381,0.42857142857142855,49.18571428571428
1324,23,4.086956521739131,7,7.3478260869565215,79.08695652173913,0.30434782608695654,53.79565217391304
1325,47,4.76595744680851,23,7.617021276595745,78.31914893617021,0.48936170212765956,57.61489361702128
1326,49,4.918367346938775,19,7.428571428571429,80.79591836734694,0.3877551020408163,62.2061224489796
1327,39,4.82051282051282,19,7.589743589743589,80.6923076923077,0.48717948717948717,55.19230769230769
1328,48,5.1875,26,7.5,79.29166666666667,0.5416666666666666,56.737500000000004
1329,44,5.795454545454546,24,7.386363636363637,81.4090909090909,0.5454545454545454,55.65909090909091
1330,45,5.4222222222222225,21,7.466666666666667,80.66666666666667,0.4666666666666667,58.2
1331,21,5.095238095238095,13,7.476190476190476,82.9047619047619,0.6190476190476191,44.7
1332,36,5.138888888888889,21,7.416666666666667,84.33333333333333,0.5833333333333334,52.199999999999996
1333,39,4.846153846153846,13,7.538461538461538,81.0,0.3333333333333333,59.900000000000006
1334,20,4.75,9,7.6,79.3,0.45,48.29
1335,29,5.0344827586206895,13,7.275862068965517,77.96551724137932,0.4482758620689655,51.54137931034483
1336,41,5.170731707317073,21,7.487804878048781,79.39024390243902,0.5121951219512195,54.85121951219512
1337,46,4.3478260869565215,15,7.565217391304348,80.45652173913044,0.32608695652173914,62.754347826086956
1338,47,5.191489361702128,22,7.51063829787234,78.87234042553192,0.46808510638297873,58.41914893617021
1339,40,4.775,16,7.375,77.875,0.4,57.3625
1340,29,4.862068965517241,12,7.068965517241379,81.72413793103448,0.41379310344827586,53.70344827586207
1341,44,4.363636363636363,14,7.636363636363637,81.36363636363636,0.3181818181818182,62.46363636363637
1342,27,6.555555555555555,18,7.481481481481482,82.11111111111111,0.6666666666666666,45.43333333333334
1343,27,4.925925925925926,14,7.555555555555555,80.85185185185185,0.5185185185185185,49.5
1344,34,4.852941176470588,16,7.470588235294118,80.58823529411765,0.47058823529411764,53.65882352941176
1345,21,5.9523809523809526,10,7.476190476190476,78.95238095238095,0.47619047619047616,47.8
1346,31,4.838709677419355,9,7.354838709677419,78.64516129032258,0.2903225806451613,57.28387096774193
1347,36,4.888888888888889,12,7.722222222222222,76.36111111111111,0.3333333333333333,57.30833333333334
1348,35,4.485714285714286,18,7.514285714285714,80.57142857142857,0.5142857142857142,52.74285714285715
1349,36,5.888888888888889,19,7.5,81.25,0.5277777777777778,52.94166666666666
1350,23,4.913043478260869,8,7.217391304347826,81.1304347826087,0.34782608695652173,53.10434782608696
1351,43,5.046511627906977,17,7.627906976744186,77.95348837209302,0.3953488372093023,58.72558139534884
1352,41,4.951219512195122,15,7.365853658536586,80.70731707317073,0.36585365853658536,59.636585365853655
1353,32,5.21875,15,7.6875,81.3125,0.46875,53.13125
1354,26,4.923076923076923,12,7.461538461538462,79.5,0.46153846153846156,50.403846153846146
1355,23,5.695652173913044,12,7.565217391304348,83.04347826086956,0.5217391304347826,48.46086956521739
1356,38,5.184210526315789,21,7.605263157894737,74.6842105263158,0.5526315789473685,51.026315789473685
1357,42,5.285714285714286,24,7.476190476190476,81.92857142857143,0.5714285714285714,54.23571428571429
1358,39,4.641025641025641,16,7.589743589743589,80.58974358974359,0.41025641025641024,57.469230769230776
1359,27,5.111111111111111,13,7.666666666666667,82.92592592592592,0.48148148148148145,51.233333333333334
1360,35,5.2,20,7.571428571428571,77.82857142857142,0.5714285714285714,50.20571428571428
1361,28,5.107142857142857,14,7.571428571428571,81.32142857142857,0.5,50.596428571428575
1362,32,5.8125,14,7.25,86.40625,0.4375,55.596875
1363,28,5.0,13,7.285714285714286,79.39285714285714,0.4642857142857143,51.08928571428571
1364,29,4.482758620689655,10,7.689655172413793,78.13793103448276,0.3448275862068966,54.69655172413793
1365,48,5.0,19,7.3125,82.9375,0.3958333333333333,62.20625
1366,46,5.543478260869565,26,7.478260869565218,80.76086956521739,0.5652173913043478,55.67173913043479
1367,35,4.457142857142857,12,7.685714285714286,80.85714285714286,0.34285714285714286,57.971428571428575
1368,25,5.64,16,7.4,78.36,0.64,44.30799999999999
1369,27,5.074074074074074,14,7.703703703703703,77.55555555555556,0.5185185185185185,48.51111111111111
1370,21,4.809523809523809,6,7.285714285714286,75.19047619047619,0.2857142857142857,52.385714285714286
1371,36,5.361111111111111,20,7.472222222222222,80.91666666666667,0.5555555555555556,52.00833333333334
1372,48,5.083333333333333,22,7.416666666666667,77.6875,0.4583333333333333,58.75625
1373,44,4.7272727272727275,17,7.636363636363637,83.4090909090909,0.38636363636363635,61.03181818181818
1374,45,5.4222222222222225,20,7.2444444444444445,80.37777777777778,0.4444444444444444,58.78
1375,42,5.595238095238095,23,7.5,80.33333333333333,0.5476190476190477,54.47142857142857
1376,20,4.5,6,7.55,81.05,0.3,53.315
1377,25,5.08,11,7.64,81.0,0.44,51.1
1378,32,4.46875,12,7.53125,78.25,0.375,55.025
1379,50,4.88,18,7.58,79.34,0.36,63.002
1380,40,5.0,14,7.625,82.725,0.35,60.317499999999995
1381,28,5.607142857142857,16,7.321428571428571,85.5,0.5714285714285714,49.707142857142856
1382,42,5.095238095238095,18,7.5476190476190474,76.66666666666667,0.42857142857142855,56.94285714285714
1383,48,5.083333333333333,21,7.4375,81.45833333333333,0.4375,60.5125
1384,48,4.729166666666667,19,7.375,80.04166666666667,0.3958333333333333,61.337500000000006
1385,21,4.333333333333333,8,7.238095238095238,78.85714285714286,0.38095238095238093,50.62857142857143
1386,26,5.3076923076923075,8,7.461538461538462,78.0,0.3076923076923077,54.56923076923077
1387,26,5.3076923076923075,13,7.5,81.15384615384616,0.5,49.746153846153845
1388,31,6.290322580645161,18,7.129032258064516,78.06451612903226,0.5806451612903226,48.4
1389,26,3.8076923076923075,6,7.3076923076923075,79.92307692307692,0.23076923076923078,57.45384615384614
1390,36,4.861111111111111,16,7.277777777777778,80.02777777777777,0.4444444444444444,55.075
1391,31,5.0,14,7.612903225806452,79.29032258064517,0.45161290322580644,52.63870967741936
1392,35,5.4,17,7.285714285714286,78.62857142857143,0.4857142857142857,53.01714285714286
1393,28,4.678571428571429,9,7.392857142857143,78.39285714285714,0.32142857142857145,55.075
1394,25,5.8,14,7.68,81.8,0.56,47.739999999999995
1395,45,5.4222222222222225,24,7.511111111111111,80.26666666666667,0.5333333333333333,56.08
1396,24,5.625,12,7.25,85.66666666666667,0.5,50.3
1397,40,4.625,17,7.2,77.775,0.425,56.582499999999996
1398,32,4.8125,12,7.46875,78.9375,0.375,55.23125
1399,40,4.575,18,7.525,80.875,0.45,56.7625
1400,30,4.9,15,7.433333333333334,76.33333333333333,0.5,49.9
1401,48,5.270833333333333,21,7.4375,81.04166666666667,0.4375,60.3875
1402,21,5.476190476190476,9,7.285714285714286,79.33333333333333,0.42857142857142855,49.34285714285714
1403,32,5.09375,13,7.59375,80.375,0.40625,54.725
1404,40,5.1,19,7.85,78.675,0.475,55.3525
1405,43,4.162790697674419,12,7.558139534883721,79.23255813953489,0.27906976744186046,62.597674418604655
1406,46,5.391304347826087,24,7.369565217391305,75.26086956521739,0.5217391304347826,55.326086956521735
1407,41,5.219512195121951,17,7.2682926829268295,80.63414634146342,0.4146341463414634,58.15121951219513
1408,42,5.285714285714286,20,7.5476190476190474,79.16666666666667,0.47619047619047616,56.26428571428572
1409,21,6.142857142857143,12,7.190476190476191,76.47619047619048,0.5714285714285714,44.2
1410,27,4.851851851851852,15,7.333333333333333,82.03703703703704,0.5555555555555556,48.74444444444444
1411,49,4.918367346938775,23,7.530612244897959,78.59183673469387,0.46938775510204084,59.09591836734694
1412,30,4.4,9,7.333333333333333,77.06666666666666,0.3,56.12
1413,20,4.75,7,7.05,79.65,0.35,51.394999999999996
1414,37,4.918918918918919,18,7.45945945945946,79.43243243243244,0.4864864864864865,54.035135135135135
1415,36,5.083333333333333,14,7.694444444444445,82.25,0.3888888888888889,57.40833333333333
1416,24,5.0,12,7.291666666666667,76.91666666666667,0.5,47.675
1417,20,4.6,7,7.05,80.4,0.35,51.620000000000005
1418,34,4.617647058823529,14,7.529411764705882,77.61764705882354,0.4117647058823529,54.53235294117647
1419,23,5.608695652173913,14,7.304347826086956,75.95652173913044,0.6086956521739131,43.72608695652174
1420,40,5.275,22,7.55,82.0,0.55,54.099999999999994
1421,33,4.666666666666667,12,7.636363636363637,79.0,0.36363636363636365,55.990909090909085
1422,39,4.512820512820513,13,7.128205128205129,80.12820512820512,0.3333333333333333,59.63846153846154
1423,28,4.678571428571429,16,7.464285714285714,80.10714285714286,0.5714285714285714,48.089285714285715
1424,45,5.177777777777778,18,7.822222222222222,79.06666666666666,0.4,59.72
1425,20,5.25,9,7.6,81.35,0.45,48.905
1426,50,5.9,26,7.6,78.78,0.52,58.034
1427,37,4.378378378378378,13,7.675675675675675,81.43243243243244,0.35135135135135137,58.68918918918919
1428,26,4.730769230769231,13,7.576923076923077,83.8076923076923,0.5,50.54230769230769
1429,40,4.95,18,7.375,79.475,0.45,56.3425
1430,46,5.173913043478261,25,7.543478260869565,79.95652173913044,0.5434782608695652,56.082608695652176
1431,31,4.096774193548387,9,7.451612903225806,79.29032258064517,0.2903225806451613,57.477419354838716
1432,39,5.076923076923077,16,7.358974358974359,77.07692307692308,0.41025641025641024,56.41538461538462
1433,26,4.653846153846154,9,7.461538461538462,80.6923076923077,0.34615384615384615,54.22307692307693
1434,26,4.846153846153846,12,7.461538461538462,82.1923076923077,0.46153846153846156,51.21153846153846
1435,33,5.696969696969697,17,7.545454545454546,83.15151515151516,0.5151515151515151,52.690909090909095
1436,46,4.782608695652174,21,7.478260869565218,78.06521739130434,0.45652173913043476,58.12391304347826
1437,33,4.787878787878788,15,7.393939393939394,83.3030303030303,0.45454545454545453,54.55454545454545
1438,21,5.190476190476191,11,7.476190476190476,79.9047619047619,0.5238095238095238,46.65714285714285
1439,30,4.866666666666666,16,7.766666666666667,77.53333333333333,0.5333333333333333,49.26
1440,24,5.125,12,7.333333333333333,81.25,0.5,48.975
1441,43,4.6976744186046515,16,7.604651162790698,80.72093023255815,0.37209302325581395,60.25348837209302
1442,34,4.882352941176471,12,7.411764705882353,78.52941176470588,0.35294117647058826,56.570588235294125
1443,23,4.217391304347826,8,8.08695652173913,77.91304347826087,0.34782608695652173,52.13913043478261
1444,20,4.5,8,7.55,83.45,0.4,51.035
1445,48,4.958333333333333,23,7.604166666666667,80.52083333333333,0.4791666666666667,58.98125
1446,46,5.043478260869565,23,7.239130434782608,79.8695652173913,0.5,57.3608695652174
1447,35,4.485714285714286,15,7.257142857142857,76.94285714285714,0.42857142857142855,54.22571428571428
1448,36,5.055555555555555,19,7.222222222222222,77.88888888888889,0.5277777777777778,51.93333333333333
1449,29,5.620689655172414,20,7.344827586206897,81.82758620689656,0.6896551724137931,45.45862068965518
1450,40,5.25,20,7.65,81.725,0.5,55.5175
1451,35,4.142857142857143,11,7.828571428571428,81.22857142857143,0.3142857142857143,58.94
1452,33,4.787878787878788,15,7.666666666666667,79.27272727272727,0.45454545454545453,53.345454545454544
1453,27,5.7407407407407405,10,7.592592592592593,79.33333333333333,0.37037037037037035,53.48888888888889
1454,31,4.67741935483871,14,7.451612903225806,75.06451612903226,0.45161290322580644,51.37096774193549
1455,40,4.95,20,7.575,82.425,0.5,55.7275
1456,21,5.285714285714286,8,7.523809523809524,79.95238095238095,0.38095238095238093,50.957142857142856
1457,30,4.766666666666667,11,7.5,79.46666666666667,0.36666666666666664,54.84
1458,42,4.357142857142857,14,7.619047619047619,78.11904761904762,0.3333333333333333,60.235714285714295
1459,39,4.871794871794871,19,7.538461538461538,79.87179487179488,0.48717948717948717,54.94615384615385
1460,42,4.428571428571429,14,7.285714285714286,76.69047619047619,0.3333333333333333,59.807142857142864
1461,28,5.321428571428571,12,7.321428571428571,75.60714285714286,0.42857142857142855,51.025
1462,23,4.826086956521739,12,7.826086956521739,83.6086956521739,0.5217391304347826,48.630434782608695
1463,26,5.115384615384615,12,7.230769230769231,76.76923076923077,0.46153846153846156,49.58461538461538
1464,48,4.5625,16,7.770833333333333,75.66666666666667,0.3333333333333333,61.900000000000006
1465,38,5.0,20,7.394736842105263,80.57894736842105,0.5263157894736842,53.584210526315786
1466,36,4.694444444444445,12,7.583333333333333,81.63888888888889,0.3333333333333333,58.891666666666666
1467,40,4.65,16,8.0,79.0,0.4,57.7
1468,22,4.954545454545454,9,7.545454545454546,77.5909090909091,0.4090909090909091,49.804545454545455
1469,50,5.62,27,7.34,80.68,0.54,58.004
1470,33,4.909090909090909,14,7.242424242424242,80.12121212121212,0.42424242424242425,54.5090909090909
1471,32,4.6875,11,7.4375,78.9375,0.34375,56.168749999999996
1472,29,4.689655172413793,8,7.517241379310345,79.75862068965517,0.27586206896551724,57.251724137931035
1473,39,4.948717948717949,17,7.333333333333333,78.92307692307692,0.4358974358974359,56.2
1474,37,5.27027027027027,18,7.5675675675675675,77.75675675675676,0.4864864864864865,53.53243243243243
1475,43,4.906976744186046,20,7.023255813953488,80.11627906976744,0.46511627906976744,57.281395348837215
1476,20,4.9,7,7.6,79.35,0.35,51.30499999999999
1477,45,4.533333333333333,16,7.6,79.82222222222222,0.35555555555555557,61.279999999999994
1478,22,5.2272727272727275,10,7.545454545454546,81.0,0.45454545454545453,49.46363636363637
1479,43,4.837209302325581,17,7.5813953488372094,81.93023255813954,0.3953488372093023,59.918604651162795
1480,46,5.0,23,7.673913043478261,78.19565217391305,0.5,56.85869565217392
1481,20,5.6,10,7.25,76.75,0.5,46.025
1482,34,5.0,13,7.382352941176471,79.47058823529412,0.38235294117647056,55.970588235294116
1483,35,4.828571428571428,17,7.828571428571428,79.25714285714285,0.4857142857142857,53.20571428571428
1484,30,4.966666666666667,19,7.5,77.06666666666666,0.6333333333333333,46.12
1485,44,4.590909090909091,16,7.318181818181818,77.93181818181819,0.36363636363636365,60.07045454545454
1486,41,3.7560975609756095,11,7.463414634146342,79.92682926829268,0.2682926829268293,62.329268292682926
1487,37,6.1891891891891895,19,7.45945945945946,82.43243243243244,0.5135135135135135,54.12432432432432
1488,43,4.813953488372093,19,7.395348837209302,80.09302325581395,0.4418604651162791,57.972093023255816
1489,32,4.65625,11,7.84375,82.5625,0.34375,57.256249999999994
1490,35,5.228571428571429,15,7.514285714285714,80.37142857142857,0.42857142857142855,55.254285714285714
1491,27,5.481481481481482,12,7.407407407407407,78.92592592592592,0.4444444444444444,51.144444444444446
1492,31,5.258064516129032,13,7.67741935483871,80.83870967741936,0.41935483870967744,54.07096774193549
1493,28,4.678571428571429,14,7.071428571428571,86.96428571428571,0.5,52.28928571428571
1494,29,5.275862068965517,9,7.689655172413793,81.17241379310344,0.3103448275862069,56.64137931034483
1495,33,5.333333333333333,16,7.424242424242424,81.12121212121212,0.48484848484848486,52.99090909090909
1496,50,5.3,24,7.66,78.64,0.48,59.192
1497,37,5.837837837837838,15,7.675675675675675,80.5945945945946,0.40540540540540543,56.81621621621622
1498,23,4.826086956521739,11,7.391304347826087,81.1304347826087,0.4782608695652174,49.19130434782609
1499,37,5.0,15,7.621621621621622,80.45945945945945,0.40540540540540543,56.77567567567567
1500,20,4.9,11,7.15,79.95,0.55,45.485
1501,29,4.620689655172414,12,7.310344827586207,80.48275862068965,0.41379310344827586,53.331034482758625
1502,34,4.9411764705882355,15,7.176470588235294,77.94117647058823,0.4411764705882353,53.747058823529414
1503,47,5.468085106382978,21,7.468085106382978,79.31914893617021,0.44680851063829785,59.191489361702125
1504,23,4.6521739130434785,11,7.304347826086956,77.34782608695652,0.4782608695652174,48.05652173913043
1505,36,5.583333333333333,17,7.361111111111111,81.41666666666667,0.4722222222222222,54.65833333333333
1506,27,4.481481481481482,13,7.111111111111111,80.14814814814815,0.48148148148148145,50.400000000000006
1507,46,4.739130434782608,16,7.565217391304348,79.06521739130434,0.34782608695652173,61.684782608695656
1508,50,5.18,24,7.56,80.38,0.48,59.714
1509,29,5.758620689655173,15,7.448275862068965,77.6896551724138,0.5172413793103449,49.389655172413796
1510,41,4.902439024390244,22,7.804878048780488,79.95121951219512,0.5365853658536586,54.28780487804878
1511,26,3.230769230769231,9,7.653846153846154,77.15384615384616,0.34615384615384615,53.16153846153847
1512,47,4.468085106382978,20,7.382978723404255,79.46808510638297,0.425531914893617,59.874468085106386
1513,27,5.444444444444445,15,7.185185185185185,81.55555555555556,0.5555555555555556,48.599999999999994
1514,28,4.892857142857143,13,7.821428571428571,78.46428571428571,0.4642857142857143,50.81071428571428
1515,21,4.285714285714286,5,7.666666666666667,79.61904761904762,0.23809523809523808,55.14285714285714
1516,49,5.1020408163265305,19,7.387755102040816,82.26530612244898,0.3877551020408163,62.64693877551021
1517,47,5.48936170212766,29,7.382978723404255,78.40425531914893,0.6170212765957447,53.81063829787234
1518,23,5.434782608695652,14,7.565217391304348,79.47826086956522,0.6086956521739131,44.78260869565217
1519,49,4.836734693877551,24,7.755102040816326,83.59183673469387,0.4897959183673469,59.98367346938775
1520,23,4.913043478260869,7,7.260869565217392,84.47826086956522,0.30434782608695654,55.413043478260875
1521,47,5.148936170212766,20,7.48936170212766,80.23404255319149,0.425531914893617,60.10425531914893
1522,29,4.758620689655173,10,7.655172413793103,84.27586206896552,0.3448275862068966,56.53793103448276
1523,20,5.95,9,7.95,82.75,0.45,49.325
1524,34,4.323529411764706,12,7.4411764705882355,78.8529411764706,0.35294117647058826,56.66764705882353
1525,46,5.043478260869565,18,7.608695652173913,77.91304347826087,0.391304347826087,60.03478260869566
1526,33,5.151515151515151,16,7.696969696969697,84.93939393939394,0.48484848484848486,54.13636363636364
1527,26,5.769230769230769,14,7.961538461538462,79.53846153846153,0.5384615384615384,48.107692307692304
1528,43,4.604651162790698,14,7.744186046511628,81.51162790697674,0.32558139534883723,61.88604651162791
1529,38,4.815789473684211,19,7.342105263157895,79.65789473684211,0.5,54.097368421052636
1530,21,5.238095238095238,11,7.0,80.80952380952381,0.5238095238095238,46.92857142857143
1531,20,4.75,5,7.0,77.85,0.25,53.855
1532,41,4.7317073170731705,19,7.585365853658536,80.46341463414635,0.4634146341463415,56.63658536585366
1533,30,5.4,14,7.733333333333333,81.73333333333333,0.4666666666666667,52.519999999999996
1534,34,4.323529411764706,9,7.617647058823529,79.29411764705883,0.2647058823529412,59.44705882352942
1535,49,4.795918367346939,21,7.36734693877551,78.85714285714286,0.42857142857142855,60.400000000000006
1536,49,5.489795918367347,25,7.73469387755102,77.51020408163265,0.5102040816326531,57.5469387755102
1537,22,4.363636363636363,8,7.954545454545454,76.86363636363636,0.36363636363636365,50.95
1538,40,5.175,20,7.175,79.575,0.5,54.8725
1539,30,4.9,11,7.3,80.93333333333334,0.36666666666666664,55.28
1540,22,4.7727272727272725,12,7.545454545454546,79.9090909090909,0.5454545454545454,46.40909090909091
1541,34,5.088235294117647,20,7.676470588235294,83.5,0.5882352941176471,51.002941176470586
1542,37,5.027027027027027,17,7.675675675675675,80.83783783783784,0.4594594594594595,55.26756756756757
1543,47,4.51063829787234,15,7.425531914893617,78.0,0.3191489361702128,62.62553191489362
1544,23,5.086956521739131,7,7.3478260869565215,78.82608695652173,0.30434782608695654,53.71739130434783
1545,41,4.951219512195122,20,7.609756097560975,81.26829268292683,0.4878048780487805,56.146341463414636
1546,20,5.25,12,7.85,79.95,0.6,43.985
1547,21,5.857142857142857,9,7.523809523809524,74.04761904761905,0.42857142857142855,47.75714285714286
1548,41,4.365853658536586,15,7.146341463414634,77.6829268292683,0.36585365853658536,58.729268292682924
1549,40,4.475,13,7.35,79.675,0.325,60.1525
1550,29,4.862068965517241,12,6.931034482758621,78.96551724137932,0.41379310344827586,52.87586206896552
1551,41,4.926829268292683,18,7.560975609756097,78.8048780487805,0.43902439024390244,56.87073170731708
1552,33,5.333333333333333,18,7.606060606060606,76.96969696969697,0.5454545454545454,49.92727272727272
1553,43,5.27906976744186,23,7.534883720930233,78.30232558139535,0.5348837209302325,54.64418604651163
1554,20,5.45,10,7.55,79.3,0.5,46.79
1555,27,5.185185185185185,10,7.592592592592593,81.25925925925925,0.37037037037037035,54.06666666666666
1556,27,4.888888888888889,12,7.2592592592592595,83.81481481481481,0.4444444444444444,52.611111111111114
1557,34,5.911764705882353,17,7.323529411764706,79.5,0.5,52.45
1558,25,5.04,11,7.4,81.68,0.44,51.304
1559,48,4.770833333333333,20,7.458333333333333,79.58333333333333,0.4166666666666667,60.575
1560,46,5.065217391304348,23,7.434782608695652,80.15217391304348,0.5,57.44565217391305
1561,31,4.67741935483871,17,7.483870967741935,81.70967741935483,0.5483870967741935,50.46129032258065
1562,28,4.714285714285714,8,7.142857142857143,83.03571428571429,0.2857142857142857,57.539285714285725
1563,41,5.487804878048781,16,7.365853658536586,80.92682926829268,0.3902439024390244,58.97073170731707
1564,36,5.027777777777778,18,7.861111111111111,80.5,0.5,53.55
1565,21,4.523809523809524,9,7.428571428571429,80.76190476190476,0.42857142857142855,49.77142857142857
1566,38,4.947368421052632,19,7.342105263157895,79.86842105263158,0.5,54.160526315789475
1567,47,5.148936170212766,21,7.680851063829787,81.44680851063829,0.44680851063829785,59.829787234042556
1568,23,5.391304347826087,12,7.0,77.26086956521739,0.5217391304347826,46.72608695652174
1569,43,4.790697674418604,21,7.651162790697675,85.09302325581395,0.4883720930232558,58.07674418604651
1570,26,5.576923076923077,10,7.153846153846154,82.65384615384616,0.38461538461538464,53.657692307692315
1571,34,5.882352941176471,15,7.294117647058823,78.58823529411765,0.4411764705882353,53.94117647058824
1572,40,4.725,20,7.425,80.55,0.5,55.165
1573,41,4.7073170731707314,18,7.390243902439025,77.1219512195122,0.43902439024390244,56.365853658536594
1574,47,4.574468085106383,18,7.446808510638298,79.95744680851064,0.3829787234042553,61.297872340425535
1575,35,4.714285714285714,17,7.4,80.17142857142858,0.4857142857142857,53.480000000000004
1576,47,4.680851063829787,17,7.361702127659575,79.7872340425532,0.3617021276595745,61.88510638297873
1577,37,5.378378378378378,16,7.243243243243243,79.43243243243244,0.43243243243243246,55.65675675675676
1578,23,5.913043478260869,13,7.695652173913044,79.69565217391305,0.5652173913043478,46.152173913043484
1579,48,5.145833333333333,25,7.5625,79.27083333333333,0.5208333333333334,57.35625
1580,38,5.078947368421052,19,7.2631578947368425,77.94736842105263,0.5,53.584210526315786
1581,37,5.162162162162162,19,7.45945945945946,78.83783783783784,0.5135135135135135,53.045945945945945
1582,22,4.5,9,7.545454545454546,83.68181818181819,0.4090909090909091,51.63181818181818
1583,25,5.12,17,7.44,81.24,0.68,43.971999999999994
1584,29,5.586206896551724,17,7.310344827586207,78.24137931034483,0.5862068965517241,47.48620689655172
1585,23,3.8260869565217392,6,7.478260869565218,79.17391304347827,0.2608695652173913,55.12608695652174
1586,50,4.86,20,7.5,79.44,0.4,61.831999999999994
1587,32,4.5625,12,7.21875,80.40625,0.375,55.671875
1588,35,5.428571428571429,15,7.6,78.71428571428571,0.42857142857142855,54.75714285714285
1589,24,5.375,11,7.666666666666667,75.29166666666667,0.4583333333333333,48.43750000000001
1590,43,5.837209302325581,21,7.441860465116279,80.32558139534883,0.4883720930232558,56.646511627906975
1591,42,4.857142857142857,21,7.333333333333333,80.47619047619048,0.5,55.94285714285714
1592,45,4.955555555555556,27,7.2444444444444445,80.35555555555555,0.6,54.10666666666667
1593,27,4.7407407407407405,11,7.518518518518518,80.11111111111111,0.4074074074074074,52.611111111111114
1594,26,5.115384615384615,10,7.615384615384615,81.57692307692308,0.38461538461538464,53.33461538461539
1595,47,4.957446808510638,18,7.23404255319149,80.97872340425532,0.3829787234042553,61.60425531914894
1596,31,4.774193548387097,15,7.67741935483871,83.12903225806451,0.4838709677419355,52.82258064516129
1597,25,5.44,8,7.68,78.16,0.32,53.848
1598,24,3.9583333333333335,7,7.541666666666667,80.20833333333333,0.2916666666666667,54.912499999999994
1599,33,4.393939393939394,11,7.515151515151516,82.36363636363636,0.3333333333333333,57.90909090909091
1600,38,4.894736842105263,20,7.368421052631579,83.42105263157895,0.5263157894736842,54.43684210526315
1601,28,4.785714285714286,15,7.75,79.92857142857143,0.5357142857142857,49.10714285714286
1602,48,4.666666666666667,21,7.5625,79.4375,0.4375,59.90625
1603,24,5.083333333333333,10,7.791666666666667,78.5,0.4166666666666667,50.65
1604,46,4.608695652173913,21,7.326086956521739,81.58695652173913,0.45652173913043476,59.1804347826087
1605,20,5.9,11,8.0,77.7,0.55,44.81
1606,24,5.625,15,7.0,80.41666666666667,0.625,44.975
1607,35,5.685714285714286,21,7.542857142857143,81.08571428571429,0.6,50.325714285714284
1608,43,4.883720930232558,20,7.511627906976744,78.51162790697674,0.46511627906976744,56.800000000000004
1609,38,4.842105263157895,15,7.394736842105263,79.15789473684211,0.39473684210526316,57.10526315789474
1610,39,4.743589743589744,14,7.794871794871795,77.51282051282051,0.358974358974359,58.08461538461539
1611,48,5.041666666666667,14,7.395833333333333,81.22916666666667,0.2916666666666667,64.81875000000001
1612,24,5.208333333333333,13,7.333333333333333,85.20833333333333,0.5416666666666666,48.912499999999994
1613,36,4.722222222222222,20,7.555555555555555,82.47222222222223,0.5555555555555556,52.475
1614,39,4.923076923076923,11,7.3076923076923075,79.35897435897436,0.28205128205128205,60.94615384615385
1615,48,5.270833333333333,22,7.4375,80.125,0.4583333333333333,59.4875
1616,28,5.392857142857143,14,7.5,76.92857142857143,0.5,49.27857142857143
1617,28,4.892857142857143,11,7.607142857142857,79.85714285714286,0.39285714285714285,53.37142857142858
1618,42,4.571428571428571,13,7.5,82.64285714285714,0.30952380952380953,62.307142857142864
1619,37,5.45945945945946,20,7.4324324324324325,82.54054054054055,0.5405405405405406,53.34594594594594
1620,28,4.821428571428571,9,7.25,80.67857142857143,0.32142857142857145,55.760714285714286
1621,34,5.0588235294117645,18,7.411764705882353,78.67647058823529,0.5294117647058824,51.32058823529412
1622,26,4.923076923076923,13,7.1923076923076925,80.61538461538461,0.5,49.58461538461538
1623,48,4.875,17,7.583333333333333,79.625,0.3541666666666667,62.462500000000006
1624,21,4.904761904761905,8,7.190476190476191,83.9047619047619,0.38095238095238093,52.14285714285714
1625,23,4.434782608695652,6,7.173913043478261,79.3913043478261,0.2608695652173913,55.19130434782609
1626,45,4.844444444444444,20,7.444444444444445,79.95555555555555,0.4444444444444444,58.653333333333336
1627,27,4.333333333333333,10,7.481481481481482,79.81481481481481,0.37037037037037035,53.63333333333333
1628,22,4.681818181818182,8,7.318181818181818,77.95454545454545,0.36363636363636365,51.27727272727273
1629,32,5.09375,13,7.375,76.90625,0.40625,53.684375
1630,23,5.826086956521739,14,7.478260869565218,79.6086956521739,0.6086956521739131,44.82173913043478
1631,34,4.588235294117647,16,7.117647058823529,80.73529411764706,0.47058823529411764,53.70294117647059
1632,22,5.636363636363637,10,7.409090909090909,78.04545454545455,0.45454545454545453,48.57727272727273
1633,36,4.916666666666667,15,7.277777777777778,76.41666666666667,0.4166666666666667,54.825
1634,50,5.68,32,7.44,78.8,0.64,54.44
1635,39,4.948717948717949,22,7.512820512820513,82.3076923076923,0.5641025641025641,53.36923076923077
1636,21,5.142857142857143,13,7.238095238095238,81.66666666666667,0.6190476190476191,44.32857142857143
1637,43,5.3023255813953485,24,7.558139534883721,79.4186046511628,0.5581395348837209,54.28139534883721
1638,35,4.571428571428571,9,7.428571428571429,79.14285714285714,0.2571428571428571,60.028571428571425
1639,26,4.461538461538462,12,7.230769230769231,79.23076923076923,0.46153846153846156,50.32307692307692
1640,35,4.742857142857143,15,7.285714285714286,77.85714285714286,0.42857142857142855,54.5
1641,24,5.708333333333333,17,7.083333333333333,75.875,0.7083333333333334,41.1125
1642,41,4.853658536585366,16,7.512195121951219,81.2439024390244,0.3902439024390244,59.06585365853659
1643,26,5.269230769230769,13,7.730769230769231,84.03846153846153,0.5,50.61153846153846
1644,37,5.1891891891891895,19,7.594594594594595,80.10810810810811,0.5135135135135135,53.42702702702702
1645,42,4.857142857142857,17,7.5,77.73809523809524,0.40476190476190477,57.97857142857143
1646,48,4.5625,24,7.583333333333333,78.4375,0.5,57.73125
1647,42,5.619047619047619,18,7.285714285714286,81.16666666666667,0.42857142857142855,58.292857142857144
1648,38,4.368421052631579,10,7.605263157894737,76.89473684210526,0.2631578947368421,60.37368421052632
1649,47,5.127659574468085,20,7.829787234042553,80.46808510638297,0.425531914893617,60.17446808510638
1650,48,4.5625,24,7.458333333333333,78.5625,0.5,57.76875
1651,22,4.7727272727272725,5,7.7272727272727275,76.9090909090909,0.22727272727272727,55.05454545454545
1652,26,4.730769230769231,11,7.115384615384615,78.42307692307692,0.4230769230769231,51.23461538461538
1653,34,4.735294117647059,14,7.5,82.02941176470588,0.4117647058823529,55.85588235294118
1654,43,5.744186046511628,22,7.4186046511627906,83.76744186046511,0.5116279069767442,56.981395348837204
1655,37,5.216216216216216,18,7.594594594594595,78.91891891891892,0.4864864864864865,53.88108108108108
1656,44,5.295454545454546,23,7.5227272727272725,75.88636363636364,0.5227272727272727,54.68409090909091
1657,46,5.0,22,7.391304347826087,78.76086956521739,0.4782608695652174,57.6804347826087
1658,37,5.513513513513513,13,7.378378378378378,79.02702702702703,0.35135135135135137,57.96756756756757
1659,38,5.947368421052632,19,7.342105263157895,78.52631578947368,0.5,53.757894736842104
1660,27,4.925925925925926,13,7.518518518518518,80.07407407407408,0.48148148148148145,50.37777777777778
1661,22,4.545454545454546,10,7.636363636363637,74.27272727272727,0.45454545454545453,47.44545454545454
1662,47,5.212765957446808,24,7.319148936170213,78.8936170212766,0.5106382978723404,57.148936170212764
1663,32,5.34375,16,7.75,78.6875,0.5,51.40625
1664,44,5.204545454545454,21,7.818181818181818,76.61363636363636,0.4772727272727273,56.26590909090909
1665,26,4.3076923076923075,12,7.076923076923077,81.6923076923077,0.46153846153846156,51.06153846153846
1666,35,5.2,16,7.485714285714286,79.0,0.45714285714285713,53.98571428571429
1667,32,4.53125,15,7.65625,80.25,0.46875,52.8125
1668,33,4.787878787878788,13,7.333333333333333,80.93939393939394,0.3939393939393939,55.663636363636364
1669,27,5.62962962962963,15,7.333333333333333,82.29629629629629,0.5555555555555556,48.82222222222222
1670,21,5.190476190476191,10,7.666666666666667,78.23809523809524,0.47619047619047616,47.58571428571429
1671,39,4.641025641025641,12,7.487179487179487,79.64102564102564,0.3076923076923077,60.26153846153846
1672,49,4.938775510204081,17,7.489795918367347,77.85714285714286,0.3469387755102041,62.54897959183674
1673,48,4.729166666666667,23,7.4375,78.20833333333333,0.4791666666666667,58.2875
1674,25,4.96,9,7.68,77.56,0.36,52.468
1675,34,5.294117647058823,19,7.411764705882353,76.26470588235294,0.5588235294117647,49.714705882352945
1676,23,4.130434782608695,9,7.565217391304348,83.17391304347827,0.391304347826087,52.413043478260875
1677,41,5.170731707317073,17,7.585365853658536,84.26829268292683,0.4146341463414634,59.241463414634154
1678,39,5.743589743589744,20,7.435897435897436,79.6923076923077,0.5128205128205128,54.12307692307692
1679,43,4.651162790697675,18,7.325581395348837,79.90697674418605,0.4186046511627907,58.6139534883721
1680,39,4.743589743589744,13,7.205128205128205,78.58974358974359,0.3333333333333333,59.17692307692309
1681,20,5.75,11,7.7,80.05,0.55,45.515
1682,20,3.6,9,7.45,81.55,0.45,48.965
1683,38,5.473684210526316,19,7.184210526315789,80.39473684210526,0.5,54.31842105263158
1684,42,5.357142857142857,20,7.785714285714286,81.61904761904762,0.47619047619047616,57.0
1685,29,4.9655172413793105,16,7.551724137931035,79.89655172413794,0.5517241379310345,49.01724137931035
1686,27,4.37037037037037,13,7.333333333333333,78.77777777777777,0.48148148148148145,49.98888888888889
1687,32,3.90625,13,7.1875,78.875,0.40625,54.275
1688,50,5.16,24,7.88,76.6,0.48,58.58
1689,29,5.137931034482759,12,7.517241379310345,81.75862068965517,0.41379310344827586,53.71379310344828
1690,43,4.930232558139535,16,7.534883720930233,83.3953488372093,0.37209302325581395,61.05581395348837
1691,21,4.428571428571429,11,7.761904761904762,77.80952380952381,0.5238095238095238,46.028571428571425
1692,25,5.0,9,7.48,83.84,0.36,54.352000000000004
1693,38,5.394736842105263,19,7.578947368421052,81.76315789473684,0.5,54.72894736842105
1694,35,4.628571428571429,11,7.6,78.71428571428571,0.3142857142857143,58.18571428571428
1695,35,5.257142857142857,18,7.542857142857143,77.74285714285715,0.5142857142857142,51.894285714285715
1696,24,4.625,12,7.333333333333333,84.125,0.5,49.837500000000006
1697,36,4.805555555555555,14,7.388888888888889,79.77777777777777,0.3888888888888889,56.666666666666664
1698,30,5.266666666666667,9,7.666666666666667,78.93333333333334,0.3,56.68
1699,31,4.645161290322581,13,7.451612903225806,75.0,0.41935483870967744,52.31935483870968
1700,32,4.59375,11,7.375,79.9375,0.34375,56.46875
1701,23,4.956521739130435,13,7.521739130434782,79.82608695652173,0.5652173913043478,46.19130434782609
1702,26,5.423076923076923,11,7.5,75.3076923076923,0.4230769230769231,50.3
1703,50,4.68,17,7.64,80.8,0.34,64.03999999999999
1704,22,5.636363636363637,10,7.409090909090909,79.95454545454545,0.45454545454545453,49.15
1705,35,5.542857142857143,17,7.3428571428571425,83.42857142857143,0.4857142857142857,54.457142857142856
1706,20,6.2,13,7.25,80.8,0.65,42.739999999999995
1707,46,5.108695652173913,27,7.413043478260869,80.15217391304348,0.5869565217391305,54.83695652173913
1708,48,5.854166666666667,28,7.270833333333333,80.45833333333333,0.5833333333333334,55.837500000000006
1709,27,5.111111111111111,12,7.703703703703703,82.74074074074075,0.4444444444444444,52.28888888888889
1710,22,4.590909090909091,12,7.409090909090909,81.4090909090909,0.5454545454545454,46.85909090909091
1711,48,5.125,25,8.104166666666666,79.5625,0.5208333333333334,57.44375
1712,39,5.948717948717949,24,7.666666666666667,79.66666666666667,0.6153846153846154,51.03846153846154
1713,37,4.783783783783784,10,7.513513513513513,78.54054054054055,0.2702702702702703,60.25405405405405
1714,22,5.7272727272727275,12,7.363636363636363,78.31818181818181,0.5454545454545454,45.93181818181818
1715,46,5.0,21,7.760869565217392,81.71739130434783,0.45652173913043476,59.219565217391306
1716,50,5.2,22,7.76,80.92,0.44,61.07599999999999
1717,45,4.888888888888889,23,7.733333333333333,79.13333333333334,0.5111111111111111,56.40666666666667
1718,43,5.186046511627907,16,7.488372093023256,78.69767441860465,0.37209302325581395,59.646511627906975
1719,50,4.96,20,7.82,83.6,0.4,63.08
1720,37,5.594594594594595,18,6.972972972972973,78.89189189189189,0.4864864864864865,53.872972972972974
1721,34,4.323529411764706,12,7.676470588235294,80.82352941176471,0.35294117647058826,57.25882352941177
1722,23,5.565217391304348,12,7.304347826086956,77.21739130434783,0.5217391304347826,46.71304347826087
1723,28,5.607142857142857,17,7.607142857142857,85.53571428571429,0.6071428571428571,48.64642857142857
1724,28,5.285714285714286,12,7.428571428571429,74.92857142857143,0.42857142857142855,50.82142857142857
1725,28,4.535714285714286,13,7.285714285714286,80.14285714285714,0.4642857142857143,51.31428571428572
1726,50,4.98,21,7.24,78.7,0.42,61.010000000000005
1727,30,4.766666666666667,11,7.533333333333333,82.0,0.36666666666666664,55.599999999999994
1728,27,3.5925925925925926,6,7.481481481481482,79.18518518518519,0.2222222222222222,57.888888888888886
1729,41,4.414634146341464,14,7.658536585365853,82.41463414634147,0.34146341463414637,60.88048780487805
1730,43,5.046511627906977,20,7.441860465116279,75.88372093023256,0.46511627906976744,56.01162790697675
1731,42,4.357142857142857,19,7.904761904761905,79.23809523809524,0.4523809523809524,57.0
1732,45,5.066666666666666,20,7.533333333333333,80.5111111111111,0.4444444444444444,58.82000000000001
1733,48,5.1875,24,7.604166666666667,79.27083333333333,0.5,57.98125
1734,27,5.592592592592593,14,8.0,81.18518518518519,0.5185185185185185,49.60000000000001
1735,48,4.9375,17,7.333333333333333,78.60416666666667,0.3541666666666667,62.15625
1736,49,4.8979591836734695,22,7.6938775510204085,81.83673469387755,0.4489795918367347,60.68163265306123
1737,43,4.441860465116279,15,7.441860465116279,80.93023255813954,0.3488372093023256,61.013953488372096
1738,45,5.066666666666666,21,7.711111111111111,79.62222222222222,0.4666666666666667,57.88666666666667
1739,48,5.3125,24,7.8125,79.33333333333333,0.5,58.0
1740,38,5.026315789473684,16,7.684210526315789,80.26315789473684,0.42105263157894735,56.64736842105263
1741,23,4.956521739130435,9,7.173913043478261,79.0,0.391304347826087,51.160869565217396
1742,35,5.057142857142857,15,7.542857142857143,81.71428571428571,0.42857142857142855,55.65714285714286
1743,25,4.4,10,7.72,81.84,0.4,52.552
1744,47,5.74468085106383,27,7.680851063829787,80.29787234042553,0.574468085106383,55.65531914893617
1745,45,5.133333333333334,20,7.4,79.2,0.4444444444444444,58.42666666666668
1746,49,4.877551020408164,24,7.469387755102041,82.08163265306122,0.4897959183673469,59.53061224489796
1747,47,4.0,14,7.574468085106383,81.29787234042553,0.2978723404255319,64.2531914893617
1748,50,4.6,15,7.62,80.9,0.3,65.27
1749,46,5.304347826086956,17,7.3478260869565215,79.80434782608695,0.3695652173913043,61.254347826086956
1750,21,5.333333333333333,13,7.428571428571429,76.80952380952381,0.6190476190476191,42.87142857142857
1751,39,5.0,19,7.487179487179487,79.17948717948718,0.48717948717948717,54.738461538461536
1752,47,5.48936170212766,23,7.446808510638298,77.82978723404256,0.48936170212765956,57.468085106382986
1753,28,5.0,15,7.428571428571429,79.28571428571429,0.5357142857142857,48.91428571428572
1754,26,4.769230769230769,11,7.6923076923076925,81.61538461538461,0.4230769230769231,52.19230769230769
1755,35,5.0,13,7.428571428571429,79.02857142857142,0.37142857142857144,56.56571428571429
1756,20,4.15,6,7.1,78.7,0.3,52.61
1757,46,5.086956521739131,16,7.369565217391305,77.73913043478261,0.34782608695652173,61.28695652173913
1758,39,4.846153846153846,16,7.384615384615385,80.05128205128206,0.41025641025641024,57.30769230769231
1759,29,5.241379310344827,14,7.344827586206897,82.17241379310344,0.4827586206896552,51.76896551724138
1760,33,4.242424242424242,14,7.393939393939394,77.51515151515152,0.42424242424242425,53.72727272727272
1761,33,5.090909090909091,12,7.515151515151516,80.81818181818181,0.36363636363636365,56.53636363636363
1762,41,4.902439024390244,16,7.195121951219512,78.29268292682927,0.3902439024390244,58.180487804878055
1763,21,5.523809523809524,14,7.619047619047619,78.33333333333333,0.6666666666666666,41.9
1764,37,4.5675675675675675,11,7.54054054054054,79.02702702702703,0.2972972972972973,59.589189189189185
1765,34,5.676470588235294,15,7.176470588235294,81.23529411764706,0.4411764705882353,54.73529411764706
1766,48,5.333333333333333,23,7.5,80.22916666666667,0.4791666666666667,58.893750000000004
1767,42,4.404761904761905,15,7.261904761904762,79.52380952380952,0.35714285714285715,59.94285714285714
1768,32,5.15625,10,7.5625,80.5625,0.3125,57.59375
1769,33,5.333333333333333,19,7.454545454545454,78.84848484848484,0.5757575757575758,49.58181818181818
1770,28,5.571428571428571,14,7.714285714285714,80.67857142857143,0.5,50.40357142857143
1771,22,5.090909090909091,11,7.590909090909091,79.0909090909091,0.5,47.52727272727273
1772,33,5.696969696969697,17,7.787878787878788,78.3030303030303,0.5151515151515151,51.236363636363635
1773,29,4.793103448275862,13,7.586206896551724,83.10344827586206,0.4482758620689655,53.08275862068966
1774,21,5.666666666666667,9,8.047619047619047,81.42857142857143,0.42857142857142855,49.971428571428575
1775,33,4.96969696969697,12,7.03030303030303,81.18181818181819,0.36363636363636365,56.64545454545454
1776,23,4.3478260869565215,9,7.173913043478261,80.95652173913044,0.391304347826087,51.74782608695652
1777,48,4.979166666666667,20,7.645833333333333,81.97916666666667,0.4166666666666667,61.29375
1778,28,5.535714285714286,18,7.607142857142857,82.35714285714286,0.6428571428571429,46.621428571428574
1779,27,5.074074074074074,12,7.444444444444445,82.0,0.4444444444444444,52.06666666666666
1780,38,4.868421052631579,20,7.552631578947368,79.26315789473684,0.5263157894736842,53.189473684210526
1781,33,4.090909090909091,9,7.666666666666667,75.48484848484848,0.2727272727272727,57.66363636363637
1782,46,5.565217391304348,23,7.891304347826087,78.58695652173913,0.5,56.97608695652174
1783,34,4.823529411764706,10,7.529411764705882,83.6470588235294,0.29411764705882354,59.87058823529412
1784,41,5.390243902439025,21,7.682926829268292,79.58536585365853,0.5121951219512195,54.90975609756097
1785,23,5.130434782608695,11,7.6521739130434785,83.3913043478261,0.4782608695652174,49.86956521739131
1786,48,5.166666666666667,18,7.5,78.33333333333333,0.375,61.45
1787,25,5.28,15,7.36,83.52,0.6,47.056
1788,36,4.444444444444445,14,7.611111111111111,77.91666666666667,0.3888888888888889,56.108333333333334
1789,43,4.930232558139535,16,7.627906976744186,78.81395348837209,0.37209302325581395,59.681395348837206
1790,48,5.208333333333333,21,7.3125,80.1875,0.4375,60.13125
1791,49,4.816326530612245,23,7.653061224489796,77.77551020408163,0.46938775510204084,58.851020408163265
1792,36,5.388888888888889,15,7.583333333333333,80.27777777777777,0.4166666666666667,55.983333333333334
1793,23,5.565217391304348,11,7.434782608695652,80.08695652173913,0.4782608695652174,48.87826086956522
1794,32,5.25,14,7.75,79.3125,0.4375,53.46875
1795,27,5.074074074074074,13,7.407407407407407,84.29629629629629,0.48148148148148145,51.644444444444446
1796,34,4.882352941176471,15,7.470588235294118,80.20588235294117,0.4411764705882353,54.42647058823529
1797,49,4.816326530612245,22,7.714285714285714,79.18367346938776,0.4489795918367347,59.885714285714286
1798,40,4.55,17,7.55,78.6,0.425,56.83
1799,46,5.195652173913044,20,7.478260869565218,83.19565217391305,0.43478260869565216,60.31521739130436
1800,21,4.9523809523809526,10,7.571428571428571,79.0,0.47619047619047616,47.81428571428572
1801,37,4.891891891891892,10,7.297297297297297,82.67567567567568,0.2702702702702703,61.494594594594595
1802,28,4.964285714285714,12,7.607142857142857,80.14285714285714,0.42857142857142855,52.385714285714286
1803,41,4.780487804878049,14,7.439024390243903,80.0,0.34146341463414637,60.15609756097561
1804,24,5.208333333333333,12,7.5,77.54166666666667,0.5,47.8625
1805,23,5.260869565217392,8,7.043478260869565,76.30434782608695,0.34782608695652173,51.65652173913043
1806,35,5.3428571428571425,19,7.628571428571429,77.91428571428571,0.5428571428571428,51.08857142857143
1807,26,5.384615384615385,15,7.153846153846154,82.92307692307692,0.5769230769230769,47.96923076923076
1808,22,5.409090909090909,12,7.5,77.77272727272727,0.5454545454545454,45.768181818181816
1809,46,5.630434782608695,23,7.673913043478261,78.41304347826087,0.5,56.923913043478265
1810,38,4.7368421052631575,15,7.421052631578948,80.8157894736842,0.39473684210526316,57.60263157894737
1811,26,5.923076923076923,14,7.115384615384615,80.03846153846153,0.5384615384615384,48.25769230769231
1812,33,4.606060606060606,18,7.575757575757576,83.3030303030303,0.5454545454545454,51.82727272727273
1813,24,4.291666666666667,6,7.208333333333333,80.70833333333333,0.25,56.3125
1814,35,4.428571428571429,15,7.6571428571428575,79.17142857142858,0.42857142857142855,54.894285714285715
1815,42,4.880952380952381,21,7.5476190476190474,79.21428571428571,0.5,55.56428571428572
1816,37,4.675675675675675,11,7.324324324324325,78.78378378378379,0.2972972972972973,59.516216216216215
1817,46,4.630434782608695,16,7.630434782608695,81.06521739130434,0.34782608695652173,62.28478260869565
1818,35,4.914285714285715,13,7.285714285714286,83.6,0.37142857142857144,57.93714285714286
1819,44,4.7727272727272725,21,7.204545454545454,79.11363636363636,0.4772727272727273,57.01590909090909
1820,50,5.58,23,7.48,78.3,0.46,59.69
1821,33,4.03030303030303,11,7.212121212121212,82.15151515151516,0.3333333333333333,57.845454545454544
1822,50,5.32,29,7.58,81.34,0.58,57.002
1823,47,5.0212765957446805,22,7.659574468085107,80.0,0.46808510638297873,58.757446808510636
1824,36,4.527777777777778,15,7.5,82.16666666666667,0.4166666666666667,56.55
1825,49,4.918367346938775,24,7.551020408163265,79.34693877551021,0.4897959183673469,58.710204081632654
1826,35,5.0285714285714285,17,7.514285714285714,79.54285714285714,0.4857142857142857,53.29142857142857
1827,36,4.861111111111111,18,7.305555555555555,81.36111111111111,0.5,53.80833333333334
1828,34,4.764705882352941,13,7.5588235294117645,80.41176470588235,0.38235294117647056,56.252941176470586
1829,29,4.724137931034483,12,7.241379310344827,83.96551724137932,0.41379310344827586,54.37586206896552
1830,44,5.590909090909091,22,7.568181818181818,84.29545454545455,0.5,57.888636363636365
1831,41,4.024390243902439,12,7.7560975609756095,80.41463414634147,0.2926829268292683,61.743902439024396
1832,27,4.7407407407407405,13,7.666666666666667,81.11111111111111,0.48148148148148145,50.68888888888889
1833,35,5.285714285714286,14,7.6,83.17142857142858,0.4,56.95142857142857
1834,24,4.75,11,7.916666666666667,76.83333333333333,0.4583333333333333,48.900000000000006
1835,49,4.755102040816326,17,7.591836734693878,81.9795918367347,0.3469387755102041,63.78571428571429
1836,45,5.4222222222222225,18,7.355555555555555,80.24444444444444,0.4,60.07333333333333
1837,47,4.468085106382978,18,7.446808510638298,78.7872340425532,0.3829787234042553,60.946808510638306
1838,26,4.384615384615385,9,7.884615384615385,79.3076923076923,0.34615384615384615,53.80769230769231
1839,23,4.565217391304348,7,7.391304347826087,77.91304347826087,0.30434782608695654,53.44347826086957
1840,32,5.0625,14,7.59375,82.375,0.4375,54.3875
1841,36,5.0,18,7.527777777777778,78.69444444444444,0.5,53.008333333333326
1842,49,4.938775510204081,22,7.489795918367347,78.06122448979592,0.4489795918367347,59.54897959183674
1843,20,4.5,6,7.6,77.2,0.3,52.16
1844,44,4.386363636363637,12,7.636363636363637,83.56818181818181,0.2727272727272727,64.48863636363636
1845,46,5.3478260869565215,24,7.695652173913044,78.41304347826087,0.5217391304347826,56.27173913043478
1846,21,5.0476190476190474,12,7.523809523809524,78.38095238095238,0.5714285714285714,44.77142857142857
1847,34,5.117647058823529,17,7.647058823529412,80.6470588235294,0.5,52.794117647058826
1848,48,4.604166666666667,21,7.5,79.02083333333333,0.4375,59.78125
1849,33,5.515151515151516,17,7.484848484848484,76.66666666666667,0.5151515151515151,50.74545454545455
1850,35,5.457142857142857,17,7.257142857142857,81.34285714285714,0.4857142857142857,53.83142857142857
1851,28,5.714285714285714,14,7.678571428571429,79.64285714285714,0.5,50.09285714285714
1852,40,5.05,19,7.425,78.1,0.475,55.17999999999999
1853,35,4.885714285714286,17,7.457142857142857,80.4,0.4857142857142857,53.54857142857143
1854,26,4.961538461538462,14,7.3076923076923075,81.6923076923077,0.5384615384615384,48.753846153846155
1855,23,4.565217391304348,6,7.478260869565218,76.8695652173913,0.2608695652173913,54.43478260869565
1856,22,5.2727272727272725,11,7.2727272727272725,81.54545454545455,0.5,48.263636363636365
1857,32,5.4375,16,7.40625,81.03125,0.5,52.109375
1858,26,4.6923076923076925,12,7.1923076923076925,82.1923076923077,0.46153846153846156,51.21153846153846
1859,23,5.565217391304348,11,7.695652173913044,81.21739130434783,0.4782608695652174,49.21739130434783
1860,21,4.9523809523809526,9,7.190476190476191,80.0952380952381,0.42857142857142855,49.57142857142857
1861,22,5.409090909090909,11,7.590909090909091,82.54545454545455,0.5,48.56363636363636
1862,46,4.826086956521739,21,7.586956521739131,79.67391304347827,0.45652173913043476,58.60652173913044
1863,44,4.795454545454546,17,7.636363636363637,80.43181818181819,0.38636363636363635,60.138636363636365
1864,33,6.0606060606060606,18,7.484848484848484,81.75757575757575,0.5454545454545454,51.36363636363636
1865,28,5.857142857142857,15,7.5,79.78571428571429,0.5357142857142857,49.06428571428572
1866,26,4.576923076923077,6,7.423076923076923,82.76923076923077,0.23076923076923078,58.30769230769231
1867,21,5.0,10,7.523809523809524,76.28571428571429,0.47619047619047616,47.0
1868,47,5.0212765957446805,22,7.51063829787234,77.55319148936171,0.46808510638297873,58.02340425531915
1869,26,5.1923076923076925,11,7.615384615384615,81.38461538461539,0.4230769230769231,52.12307692307692
1870,33,5.0606060606060606,13,7.818181818181818,83.9090909090909,0.3939393939393939,56.554545454545455
1871,47,5.638297872340425,24,7.468085106382978,80.36170212765957,0.5106382978723404,57.58936170212766
1872,37,4.513513513513513,17,7.513513513513513,82.94594594594595,0.4594594594594595,55.900000000000006
1873,36,4.75,17,7.611111111111111,80.63888888888889,0.4722222222222222,54.425
1874,46,4.804347826086956,19,7.956521739130435,79.78260869565217,0.41304347826086957,59.94347826086957
1875,47,5.127659574468085,18,7.723404255319149,82.23404255319149,0.3829787234042553,61.98085106382979
1876,47,5.191489361702128,23,7.574468085106383,81.19148936170212,0.48936170212765956,58.47659574468086
1877,49,4.673469387755102,19,7.469387755102041,77.6734693877551,0.3877551020408163,61.269387755102045
1878,28,4.178571428571429,10,7.642857142857143,82.5,0.35714285714285715,55.23571428571429
1879,43,4.4186046511627906,14,7.6976744186046515,80.02325581395348,0.32558139534883723,61.439534883720924
1880,47,4.468085106382978,19,7.468085106382978,78.55319148936171,0.40425531914893614,60.238297872340425
1881,46,4.760869565217392,13,7.173913043478261,78.3913043478261,0.2826086956521739,63.43913043478261
1882,34,5.0,17,7.676470588235294,82.55882352941177,0.5,53.367647058823536
1883,37,4.45945945945946,13,7.405405405405405,78.94594594594595,0.35135135135135137,57.943243243243245
1884,40,5.4,21,7.325,80.875,0.525,54.5125
1885,33,5.0,15,7.242424242424242,79.63636363636364,0.45454545454545453,53.45454545454545
1886,42,5.142857142857143,16,7.428571428571429,82.97619047619048,0.38095238095238093,60.26428571428572
1887,21,4.523809523809524,10,7.0476190476190474,83.0952380952381,0.47619047619047616,49.042857142857144
1888,33,5.212121212121212,15,7.545454545454546,76.9090909090909,0.45454545454545453,52.63636363636363
1889,40,5.5,17,7.425,80.4,0.425,57.370000000000005
1890,25,4.36,7,7.52,80.44,0.28,55.732
1891,28,4.75,13,7.678571428571429,82.28571428571429,0.4642857142857143,51.957142857142856
1892,33,5.2727272727272725,15,7.606060606060606,79.12121212121212,0.45454545454545453,53.3
1893,36,5.222222222222222,18,7.527777777777778,79.97222222222223,0.5,53.391666666666666
1894,48,5.020833333333333,17,7.375,82.33333333333333,0.3541666666666667,63.275000000000006
1895,29,5.896551724137931,17,7.620689655172414,82.13793103448276,0.5862068965517241,48.65517241379311
1896,20,5.8,10,7.25,76.4,0.5,45.92
1897,26,4.8076923076923075,9,7.538461538461538,79.38461538461539,0.34615384615384615,53.830769230769235
1898,37,5.405405405405405,19,7.675675675675675,80.56756756756756,0.5135135135135135,53.56486486486486
1899,50,5.8,32,7.34,80.9,0.64,55.06999999999999
1900,47,4.531914893617022,20,7.340425531914893,78.7872340425532,0.425531914893617,59.670212765957444
1901,33,4.848484848484849,11,7.424242424242424,79.78787878787878,0.3333333333333333,57.13636363636364
1902,36,4.527777777777778,14,7.75,85.86111111111111,0.3888888888888889,58.49166666666667
1903,31,4.67741935483871,8,7.516129032258065,81.16129032258064,0.25806451612903225,59.00645161290322
1904,25,5.76,13,7.4,81.52,0.52,48.855999999999995
1905,33,5.515151515151516,17,7.363636363636363,78.54545454545455,0.5151515151515151,51.30909090909091
1906,34,4.676470588235294,13,7.794117647058823,77.67647058823529,0.38235294117647056,55.432352941176475
1907,31,5.451612903225806,14,7.741935483870968,81.41935483870968,0.45161290322580644,53.27741935483871
1908,27,5.074074074074074,10,7.2592592592592595,77.55555555555556,0.37037037037037035,52.955555555555556
1909,39,5.0,18,7.435897435897436,78.41025641025641,0.46153846153846156,55.276923076923076
1910,50,4.72,19,7.2,79.82,0.38,62.546
1911,37,4.8108108108108105,17,7.864864864864865,79.1891891891892,0.4594594594594595,54.77297297297298
1912,24,5.333333333333333,10,7.791666666666667,81.91666666666667,0.4166666666666667,51.675
1913,23,4.173913043478261,11,7.130434782608695,81.1304347826087,0.4782608695652174,49.19130434782609
1914,31,4.870967741935484,13,7.612903225806452,79.80645161290323,0.41935483870967744,53.76129032258065
1915,21,5.333333333333333,12,7.523809523809524,78.23809523809524,0.5714285714285714,44.72857142857143
1916,29,4.931034482758621,14,7.551724137931035,83.03448275862068,0.4827586206896552,52.027586206896544
1917,34,5.5588235294117645,15,7.794117647058823,78.67647058823529,0.4411764705882353,53.96764705882353
1918,29,5.0,17,7.517241379310345,79.48275862068965,0.5862068965517241,47.85862068965517
1919,40,5.875,28,7.375,77.85,0.7,48.355
1920,27,4.222222222222222,8,7.481481481481482,78.18518518518519,0.2962962962962963,55.36666666666667
1921,40,5.5,19,7.55,80.675,0.475,55.9525
1922,48,5.645833333333333,23,7.291666666666667,80.85416666666667,0.4791666666666667,59.081250000000004
1923,33,5.757575757575758,16,7.515151515151516,77.66666666666667,0.48484848484848486,51.95454545454545
1924,34,5.264705882352941,17,7.5588235294117645,82.79411764705883,0.5,53.438235294117646
1925,46,5.304347826086956,24,7.565217391304348,79.95652173913044,0.5217391304347826,56.73478260869565
1926,48,4.458333333333333,20,7.520833333333333,80.29166666666667,0.4166666666666667,60.78750000000001
1927,24,3.5,6,7.458333333333333,83.375,0.25,57.1125
1928,32,5.59375,17,7.1875,80.5625,0.53125,51.03125
1929,22,4.545454545454546,10,7.2272727272727275,80.72727272727273,0.45454545454545453,49.38181818181818
1930,24,5.25,17,7.375,81.58333333333333,0.7083333333333334,42.825
1931,35,5.171428571428572,18,7.542857142857143,82.0,0.5142857142857142,53.17142857142857
1932,39,4.717948717948718,16,7.410256410256411,78.07692307692308,0.41025641025641024,56.71538461538462
1933,31,3.6451612903225805,7,7.67741935483871,83.58064516129032,0.22580645161290322,60.7
1934,46,4.826086956521739,22,7.543478260869565,79.65217391304348,0.4782608695652174,57.947826086956525
1935,28,5.071428571428571,10,7.642857142857143,80.57142857142857,0.35714285714285715,54.65714285714286
1936,47,5.531914893617022,28,7.382978723404255,79.08510638297872,0.5957446808510638,54.6531914893617
1937,26,4.153846153846154,9,7.423076923076923,82.1923076923077,0.34615384615384615,54.67307692307693
1938,38,5.2631578947368425,18,7.421052631578948,81.92105263157895,0.47368421052631576,55.56578947368421
1939,43,5.325581395348837,23,7.604651162790698,75.18604651162791,0.5348837209302325,53.70930232558139
1940,28,4.714285714285714,12,7.642857142857143,76.78571428571429,0.42857142857142855,51.37857142857143
1941,47,4.25531914893617,16,7.531914893617022,78.70212765957447,0.3404255319148936,62.19787234042553
1942,49,4.938775510204081,20,7.6938775510204085,79.28571428571429,0.40816326530612246,61.14081632653061
1943,22,5.454545454545454,12,7.863636363636363,81.68181818181819,0.5454545454545454,46.94090909090909
1944,48,4.833333333333333,18,7.6875,81.22916666666667,0.375,62.31875000000001
1945,49,5.428571428571429,24,7.63265306122449,81.26530612244898,0.4897959183673469,59.28571428571429
1946,21,4.428571428571429,10,7.523809523809524,77.42857142857143,0.47619047619047616,47.34285714285714
1947,50,4.9,26,7.4,80.24,0.52,58.471999999999994
1948,34,5.147058823529412,19,7.0588235294117645,78.61764705882354,0.5588235294117647,50.42058823529412
1949,22,4.636363636363637,9,7.363636363636363,81.5909090909091,0.4090909090909091,51.00454545454545
1950,43,4.511627906976744,16,7.232558139534884,79.65116279069767,0.37209302325581395,59.932558139534876
1951,43,4.6976744186046515,15,7.348837209302325,80.83720930232558,0.3488372093023256,60.986046511627904
1952,39,5.205128205128205,11,7.333333333333333,79.71794871794872,0.28205128205128205,61.05384615384615
1953,29,5.103448275862069,14,7.758620689655173,81.82758620689656,0.4827586206896552,51.665517241379305
1954,45,5.555555555555555,17,7.555555555555555,78.4,0.37777777777777777,60.18666666666667
1955,44,4.7727272727272725,16,7.5,79.27272727272727,0.36363636363636365,60.47272727272727
1956,31,5.032258064516129,13,7.548387096774194,79.12903225806451,0.41935483870967744,53.558064516129036
1957,31,4.903225806451613,17,7.548387096774194,81.19354838709677,0.5483870967741935,50.30645161290323
1958,32,4.3125,10,7.375,76.9375,0.3125,56.506249999999994
1959,27,5.185185185185185,15,7.481481481481482,77.14814814814815,0.5555555555555556,47.27777777777778
1960,29,5.275862068965517,13,7.655172413793103,80.65517241379311,0.4482758620689655,52.348275862068974
1961,40,5.45,22,7.275,82.65,0.55,54.295
1962,30,4.833333333333333,12,7.8,83.46666666666667,0.4,55.04
1963,22,5.136363636363637,10,7.545454545454546,85.5909090909091,0.45454545454545453,50.84090909090909
1964,38,5.0,21,7.605263157894737,81.57894736842105,0.5526315789473685,53.09473684210526
1965,31,4.741935483870968,13,7.67741935483871,81.16129032258064,0.41935483870967744,54.167741935483875
1966,28,5.464285714285714,13,7.714285714285714,80.60714285714286,0.4642857142857143,51.45357142857143
1967,28,4.892857142857143,17,7.642857142857143,81.57142857142857,0.6071428571428571,47.457142857142856
1968,25,5.2,13,7.32,76.96,0.52,47.488
1969,24,4.916666666666667,7,8.0,79.29166666666667,0.2916666666666667,54.6375
1970,32,4.375,14,7.25,80.28125,0.4375,53.759375
1971,36,4.666666666666667,12,7.305555555555555,82.08333333333333,0.3333333333333333,59.025000000000006
1972,32,5.09375,17,7.65625,76.0,0.53125,49.6625
1973,28,5.214285714285714,15,7.5,81.5,0.5357142857142857,49.57857142857143
1974,37,5.378378378378378,19,7.5675675675675675,78.91891891891892,0.5135135135135135,53.07027027027027
1975,49,4.714285714285714,23,7.489795918367347,77.53061224489795,0.46938775510204084,58.777551020408154
1976,39,4.897435897435898,12,7.435897435897436,80.76923076923077,0.3076923076923077,60.599999999999994
1977,31,4.258064516129032,8,7.387096774193548,79.74193548387096,0.25806451612903225,58.58064516129032
1978,25,5.0,8,7.72,79.32,0.32,54.196
1979,50,4.92,25,7.58,80.64,0.5,59.192
1980,28,4.035714285714286,15,7.571428571428571,83.03571428571429,0.5357142857142857,50.03928571428572
1981,29,4.758620689655173,11,7.827586206896552,79.89655172413794,0.3793103448275862,54.189655172413794
1982,49,5.142857142857143,21,7.530612244897959,79.55102040816327,0.42857142857142855,60.60816326530613
1983,32,4.84375,17,7.5,78.71875,0.53125,50.478125
1984,21,4.428571428571429,6,7.523809523809524,81.28571428571429,0.2857142857142857,54.214285714285715
1985,46,4.804347826086956,19,7.782608695652174,81.15217391304348,0.41304347826086957,60.35434782608696
1986,30,5.266666666666667,12,7.733333333333333,80.63333333333334,0.4,54.19
1987,24,4.958333333333333,11,7.916666666666667,78.54166666666667,0.4583333333333333,49.41250000000001
1988,26,5.384615384615385,9,7.576923076923077,79.6923076923077,0.34615384615384615,53.92307692307693
1989,25,4.56,13,7.36,82.16,0.52,49.048
1990,47,4.787234042553192,20,7.446808510638298,78.12765957446808,0.425531914893617,59.47234042553191
1991,46,5.0,21,7.5,80.82608695652173,0.45652173913043476,58.95217391304348
1992,39,5.051282051282051,18,7.153846153846154,82.1025641025641,0.46153846153846156,56.38461538461539
1993,42,4.309523809523809,14,7.690476190476191,79.92857142857143,0.3333333333333333,60.77857142857143
1994,44,4.295454545454546,11,7.431818181818182,80.86363636363636,0.25,64.35909090909091
1995,28,6.071428571428571,14,7.285714285714286,78.82142857142857,0.5,49.846428571428575
1996,27,5.333333333333333,14,7.555555555555555,78.18518518518519,0.5185185185185185,48.7
1997,26,5.384615384615385,12,7.423076923076923,76.92307692307692,0.46153846153846156,49.63076923076923
1998,36,5.638888888888889,17,7.611111111111111,78.11111111111111,0.4722222222222222,53.66666666666667
1999,38,5.578947368421052,19,7.7894736842105265,79.71052631578948,0.5,54.113157894736844
2000,34,5.352941176470588,12,7.735294117647059,79.91176470588235,0.35294117647058826,56.98529411764706
